"","subject","type","item","condition","question","correct_answer","response","rt","group","ambiguity","trimmed_rt"
"23","Native 1","gp",3,"c","!","{The_president}",1,1844,"Native","Ambiguous",1844
"29","Native 1","gp",4,"d","!","{The_friend}",1,2138,"Native","Unambiguous",2138
"33","Native 1","gp",7,"c","!","{The_lady}",1,1510,"Native","Ambiguous",1510
"89","Native 1","gp",20,"d","!","{The_man}",1,1897,"Native","Unambiguous",1897
"92","Native 1","gp",19,"c","!","{The_basketball_player}",1,2853,"Native","Ambiguous",2853
"112","Native 1","gp",12,"d","!","{The_baby}",1,1747,"Native","Unambiguous",1747
"133","Native 1","gp",11,"c","!","{The_friend}",1,1691,"Native","Ambiguous",1691
"140","Native 1","gp",24,"d","!","{The_director}",1,2375,"Native","Unambiguous",2375
"144","Native 1","gp",16,"d","!","{The_assistant}",1,1960,"Native","Unambiguous",1960
"159","Native 1","gp",15,"c","!","{The_boy}",1,3248,"Native","Ambiguous",3248
"171","Native 1","gp",23,"c","!","{The_child}",1,4003,"Native","Ambiguous",4003
"175","Native 1","gp",8,"d","!","{The_boy}",1,1513,"Native","Unambiguous",1513
"217","Native 2","gp",15,"d","!","{The_boy}",1,1028,"Native","Unambiguous",1028
"223","Native 2","gp",2,"c","!","{The_mother}",0,2794,"Native","Ambiguous",2794
"230","Native 2","gp",10,"c","!","{The_two_soldiers}",0,1124,"Native","Ambiguous",1124
"241","Native 2","gp",6,"c","!","{The_neighbour}",1,972,"Native","Ambiguous",972
"247","Native 2","gp",19,"d","!","{The_basketball_player}",1,1542,"Native","Unambiguous",1542
"265","Native 2","gp",14,"c","!","{The_nurse}",1,1586,"Native","Ambiguous",1586
"293","Native 2","gp",3,"d","!","{The_president}",1,1444,"Native","Unambiguous",1444
"297","Native 2","gp",23,"d","!","{The_child}",1,1108,"Native","Unambiguous",1108
"324","Native 2","gp",11,"d","!","{The_friend}",1,1136,"Native","Unambiguous",1136
"345","Native 2","gp",18,"c","!","{The_baby}",1,2386,"Native","Ambiguous",2386
"348","Native 2","gp",22,"c","!","{The_coach}",1,2255,"Native","Ambiguous",2255
"359","Native 2","gp",7,"d","!","{The_lady}",1,953,"Native","Unambiguous",953
"401","Native 3","gp",18,"d","!","{The_baby}",1,1989,"Native","Unambiguous",1989
"405","Native 3","gp",22,"d","!","{The_coach}",1,2556,"Native","Unambiguous",2556
"409","Native 3","gp",9,"c","!","{The_pianist}",0,12669,"Native","Ambiguous",NA
"412","Native 3","gp",6,"d","!","{The_neighbour}",1,1922,"Native","Unambiguous",1922
"427","Native 3","gp",13,"c","!","{The_boy}",1,1870,"Native","Ambiguous",1870
"456","Native 3","gp",1,"c","!","{The_man}",1,1631,"Native","Ambiguous",1631
"471","Native 3","gp",14,"d","!","{The_nurse}",1,1757,"Native","Unambiguous",1757
"502","Native 3","gp",21,"c","!","{The_child}",1,2411,"Native","Ambiguous",2411
"519","Native 3","gp",5,"c","!","{The_boy}",1,3324,"Native","Ambiguous",3324
"529","Native 3","gp",10,"d","!","{The_General}",1,2177,"Native","Unambiguous",2177
"532","Native 3","gp",17,"c","!","{The_terrorist}",1,2360,"Native","Ambiguous",2360
"538","Native 3","gp",2,"d","!","{The_baby}",1,1910,"Native","Unambiguous",1910
"562","Native 4","gp",12,"c","!","{The_baby}",1,1212,"Native","Ambiguous",1212
"571","Native 4","gp",21,"d","!","{The_child}",1,1585,"Native","Unambiguous",1585
"574","Native 4","gp",24,"c","!","{The_actresses}",0,2472,"Native","Ambiguous",2472
"578","Native 4","gp",17,"d","!","{The_terrorist}",1,1088,"Native","Unambiguous",1088
"595","Native 4","gp",4,"c","!","{The_friend}",1,1058,"Native","Ambiguous",1058
"599","Native 4","gp",16,"c","!","{The_assistant}",1,3170,"Native","Ambiguous",3170
"614","Native 4","gp",8,"c","!","{The_boy}",1,2749,"Native","Ambiguous",2749
"638","Native 4","gp",13,"d","!","{The_boy}",1,1443,"Native","Unambiguous",1443
"656","Native 4","gp",1,"d","!","{The_man}",1,1064,"Native","Unambiguous",1064
"663","Native 4","gp",20,"c","!","{The_man}",1,2021,"Native","Ambiguous",2021
"673","Native 4","gp",9,"d","!","{The_singer}",1,1267,"Native","Unambiguous",1267
"701","Native 4","gp",5,"d","!","{The_boy}",1,1838,"Native","Unambiguous",1838
"738","Native 5","gp",19,"c","!","{The_basketball_player}",1,2411,"Native","Ambiguous",2411
"747","Native 5","gp",4,"d","!","{The_friend}",1,1865,"Native","Unambiguous",1865
"750","Native 5","gp",7,"c","!","{The_lady}",1,1604,"Native","Ambiguous",1604
"757","Native 5","gp",16,"d","!","{The_assistant}",1,4299,"Native","Unambiguous",4299
"778","Native 5","gp",3,"c","!","{The_president}",1,1976,"Native","Ambiguous",1976
"791","Native 5","gp",23,"c","!","{The_mother}",0,2373,"Native","Ambiguous",2373
"820","Native 5","gp",8,"d","!","{The_boy}",1,2142,"Native","Unambiguous",2142
"823","Native 5","gp",15,"c","!","{The_aunt}",0,1437,"Native","Ambiguous",1437
"835","Native 5","gp",24,"d","!","{The_actresses}",0,3337,"Native","Unambiguous",3337
"853","Native 5","gp",11,"c","!","{The_lady}",0,2132,"Native","Ambiguous",2132
"888","Native 5","gp",20,"d","!","{The_man}",1,1902,"Native","Unambiguous",1902
"898","Native 5","gp",12,"d","!","{The_baby}",1,2848,"Native","Unambiguous",2848
"919","Native 6","gp",11,"d","!","{The_friend}",1,1612,"Native","Unambiguous",1612
"932","Native 6","gp",6,"c","!","{The_neighbour}",1,1813,"Native","Ambiguous",1813
"942","Native 6","gp",2,"c","!","{The_baby}",1,2120,"Native","Ambiguous",2120
"945","Native 6","gp",10,"c","!","{The_General}",1,2816,"Native","Ambiguous",2816
"955","Native 6","gp",15,"d","!","{The_boy}",1,1811,"Native","Unambiguous",1811
"970","Native 6","gp",3,"d","!","{The_president}",1,1585,"Native","Unambiguous",1585
"984","Native 6","gp",7,"d","!","{The_lady}",1,2098,"Native","Unambiguous",2098
"1022","Native 6","gp",14,"c","!","{The_doctor}",0,2617,"Native","Ambiguous",2617
"1033","Native 6","gp",23,"d","!","{The_child}",1,1661,"Native","Unambiguous",1661
"1054","Native 6","gp",22,"c","!","{The_coach}",1,1860,"Native","Ambiguous",1860
"1068","Native 6","gp",18,"c","!","{The_baby}",1,5989,"Native","Ambiguous",NA
"1075","Native 6","gp",19,"d","!","{The_basketball_player}",1,1552,"Native","Unambiguous",1552
"1100","Native 7","gp",17,"c","!","{The_terrorist}",1,2381,"Native","Ambiguous",2381
"1112","Native 7","gp",18,"d","!","{The_baby}",1,1646,"Native","Unambiguous",1646
"1115","Native 7","gp",13,"c","!","{The_boy}",1,1324,"Native","Ambiguous",1324
"1118","Native 7","gp",22,"d","!","{The_coach}",1,1700,"Native","Unambiguous",1700
"1132","Native 7","gp",1,"c","!","{The_lawyer}",0,2661,"Native","Ambiguous",2661
"1145","Native 7","gp",5,"c","!","{The_father}",0,3607,"Native","Ambiguous",3607
"1164","Native 7","gp",9,"c","!","{The_pianist}",0,2553,"Native","Ambiguous",2553
"1204","Native 7","gp",6,"d","!","{The_neighbour}",1,2836,"Native","Unambiguous",2836
"1207","Native 7","gp",10,"d","!","{The_General}",1,2029,"Native","Unambiguous",2029
"1220","Native 7","gp",2,"d","!","{The_baby}",1,2359,"Native","Unambiguous",2359
"1231","Native 7","gp",21,"c","!","{The_child}",1,5031,"Native","Ambiguous",5031
"1238","Native 7","gp",14,"d","!","{The_nurse}",1,2369,"Native","Unambiguous",2369
"1285","Native 8","gp",24,"c","!","{The_actresses}",0,2478,"Native","Ambiguous",2478
"1294","Native 8","gp",4,"c","!","{The_two_children}",0,1941,"Native","Ambiguous",1941
"1301","Native 8","gp",5,"d","!","{The_boy}",1,2185,"Native","Unambiguous",2185
"1308","Native 8","gp",13,"d","!","{The_boy}",1,1881,"Native","Unambiguous",1881
"1333","Native 8","gp",9,"d","!","{The_singer}",1,1554,"Native","Unambiguous",1554
"1354","Native 8","gp",12,"c","!","{The_nurse}",0,4455,"Native","Ambiguous",4455
"1370","Native 8","gp",17,"d","!","{The_terrorist}",1,2585,"Native","Unambiguous",2585
"1382","Native 8","gp",16,"c","!","{The_assistant}",1,2231,"Native","Ambiguous",2231
"1392","Native 8","gp",8,"c","!","{Mary}",0,3689,"Native","Ambiguous",3689
"1413","Native 8","gp",21,"d","!","{The_child}",1,2050,"Native","Unambiguous",2050
"1424","Native 8","gp",1,"d","!","{The_lawyer}",0,3695,"Native","Unambiguous",3695
"1438","Native 8","gp",20,"c","!","{The_man}",1,1913,"Native","Ambiguous",1913
"1467","Native 9","gp",11,"c","!","{The_friend}",1,1081,"Native","Ambiguous",1081
"1476","Native 9","gp",15,"c","!","{The_aunt}",0,1342,"Native","Ambiguous",1342
"1482","Native 9","gp",24,"d","!","{The_director}",1,1031,"Native","Unambiguous",1031
"1490","Native 9","gp",19,"c","!","{The_basketball_player}",1,1442,"Native","Ambiguous",1442
"1499","Native 9","gp",16,"d","!","{The_assistant}",1,1361,"Native","Unambiguous",1361
"1510","Native 9","gp",12,"d","!","{The_baby}",1,991,"Native","Unambiguous",991
"1520","Native 9","gp",8,"d","!","{The_boy}",1,1512,"Native","Unambiguous",1512
"1529","Native 9","gp",23,"c","!","{The_child}",1,1537,"Native","Ambiguous",1537
"1561","Native 9","gp",20,"d","!","{The_man}",1,997,"Native","Unambiguous",997
"1569","Native 9","gp",3,"c","!","{The_president}",1,1886,"Native","Ambiguous",1886
"1590","Native 9","gp",4,"d","!","{The_friend}",1,1115,"Native","Unambiguous",1115
"1611","Native 9","gp",7,"c","!","{The_lady}",1,1527,"Native","Ambiguous",1527
"1635","Native 10","gp",23,"d","!","{The_child}",1,1145,"Native","Unambiguous",1145
"1638","Native 10","gp",19,"d","!","{The_basketball_player}",1,1567,"Native","Unambiguous",1567
"1655","Native 10","gp",11,"d","!","{The_friend}",1,1070,"Native","Unambiguous",1070
"1663","Native 10","gp",3,"d","!","{The_president}",1,1148,"Native","Unambiguous",1148
"1683","Native 10","gp",7,"d","!","{The_lady}",1,1975,"Native","Unambiguous",1975
"1698","Native 10","gp",18,"c","!","{The_father}",0,3058,"Native","Ambiguous",3058
"1705","Native 10","gp",10,"c","!","{The_two_soldiers}",0,2028,"Native","Ambiguous",2028
"1718","Native 10","gp",2,"c","!","{The_mother}",0,2365,"Native","Ambiguous",2365
"1734","Native 10","gp",22,"c","!","{The_two_footballers}",0,1531,"Native","Ambiguous",1531
"1771","Native 10","gp",15,"d","!","{The_boy}",1,1730,"Native","Unambiguous",1730
"1781","Native 10","gp",6,"c","!","{The_two_kids}",0,2253,"Native","Ambiguous",2253
"1798","Native 10","gp",14,"c","!","{The_nurse}",1,2379,"Native","Ambiguous",2379
"1849","Native 11","gp",14,"d","!","{The_nurse}",1,1387,"Native","Unambiguous",1387
"1874","Native 11","gp",13,"c","!","{The_boy}",1,2940,"Native","Ambiguous",2940
"1885","Native 11","gp",9,"c","!","{The_singer}",1,1546,"Native","Ambiguous",1546
"1892","Native 11","gp",17,"c","!","{The_terrorist}",1,1470,"Native","Ambiguous",1470
"1898","Native 11","gp",22,"d","!","{The_coach}",1,1795,"Native","Unambiguous",1795
"1901","Native 11","gp",5,"c","!","{The_father}",0,2136,"Native","Ambiguous",2136
"1905","Native 11","gp",21,"c","!","{The_child}",1,1477,"Native","Ambiguous",1477
"1915","Native 11","gp",18,"d","!","{The_baby}",1,1461,"Native","Unambiguous",1461
"1926","Native 11","gp",1,"c","!","{The_man}",1,4194,"Native","Ambiguous",4194
"1946","Native 11","gp",10,"d","!","{The_General}",1,2523,"Native","Unambiguous",2523
"1957","Native 11","gp",2,"d","!","{The_baby}",1,3624,"Native","Unambiguous",3624
"1978","Native 11","gp",6,"d","!","{The_neighbour}",1,1573,"Native","Unambiguous",1573
"1995","Native 12","gp",13,"d","!","{The_boy}",1,3244,"Native","Unambiguous",3244
"1998","Native 12","gp",5,"d","!","{The_boy}",1,2107,"Native","Unambiguous",2107
"2005","Native 12","gp",1,"d","!","{The_man}",1,1893,"Native","Unambiguous",1893
"2069","Native 12","gp",20,"c","!","{The_man}",1,1715,"Native","Ambiguous",1715
"2080","Native 12","gp",24,"c","!","{The_actresses}",0,2325,"Native","Ambiguous",2325
"2094","Native 12","gp",4,"c","!","{The_two_children}",0,2993,"Native","Ambiguous",2993
"2114","Native 12","gp",8,"c","!","{Mary}",0,3289,"Native","Ambiguous",3289
"2118","Native 12","gp",16,"c","!","{The_assistant}",1,3541,"Native","Ambiguous",3541
"2131","Native 12","gp",21,"d","!","{The_child}",1,2202,"Native","Unambiguous",2202
"2135","Native 12","gp",17,"d","!","{The_terrorist}",1,1418,"Native","Unambiguous",1418
"2138","Native 12","gp",12,"c","!","{The_baby}",1,1664,"Native","Ambiguous",1664
"2153","Native 12","gp",9,"d","!","{The_singer}",1,1565,"Native","Unambiguous",1565
"2176","Native 13","gp",24,"d","!","{The_director}",1,1383,"Native","Unambiguous",1383
"2180","Native 13","gp",12,"d","!","{The_baby}",1,1629,"Native","Unambiguous",1629
"2191","Native 13","gp",4,"d","!","{The_friend}",1,1616,"Native","Unambiguous",1616
"2199","Native 13","gp",7,"c","!","{The_lady}",1,2227,"Native","Ambiguous",2227
"2213","Native 13","gp",8,"d","!","{The_boy}",1,1601,"Native","Unambiguous",1601
"2230","Native 13","gp",19,"c","!","{The_basketball_player}",1,1860,"Native","Ambiguous",1860
"2233","Native 13","gp",16,"d","!","{The_assistant}",1,1635,"Native","Unambiguous",1635
"2247","Native 13","gp",11,"c","!","{The_lady}",0,1971,"Native","Ambiguous",1971
"2259","Native 13","gp",23,"c","!","{The_child}",1,3349,"Native","Ambiguous",3349
"2276","Native 13","gp",20,"d","!","{The_man}",1,1499,"Native","Unambiguous",1499
"2283","Native 13","gp",15,"c","!","{The_boy}",1,1515,"Native","Ambiguous",1515
"2297","Native 13","gp",3,"c","!","{The_president}",1,3201,"Native","Ambiguous",3201
"2356","Native 14","gp",19,"d","!","{The_coach}",0,1881,"Native","Unambiguous",1881
"2363","Native 14","gp",11,"d","!","{The_friend}",1,1564,"Native","Unambiguous",1564
"2381","Native 14","gp",18,"c","!","{The_father}",0,2271,"Native","Ambiguous",2271
"2391","Native 14","gp",15,"d","!","{The_boy}",1,1093,"Native","Unambiguous",1093
"2397","Native 14","gp",23,"d","!","{The_child}",1,1169,"Native","Unambiguous",1169
"2422","Native 14","gp",2,"c","!","{The_baby}",1,2564,"Native","Ambiguous",2564
"2425","Native 14","gp",3,"d","!","{The_president}",1,1488,"Native","Unambiguous",1488
"2471","Native 14","gp",10,"c","!","{The_General}",1,1749,"Native","Ambiguous",1749
"2479","Native 14","gp",6,"c","!","{The_neighbour}",1,1961,"Native","Ambiguous",1961
"2482","Native 14","gp",14,"c","!","{The_doctor}",0,1632,"Native","Ambiguous",1632
"2489","Native 14","gp",7,"d","!","{The_lady}",1,1605,"Native","Unambiguous",1605
"2518","Native 14","gp",22,"c","!","{The_coach}",1,2179,"Native","Ambiguous",2179
"2539","Native 15","gp",22,"d","!","{The_coach}",1,2014,"Native","Unambiguous",2014
"2546","Native 15","gp",1,"c","!","{The_man}",1,1925,"Native","Ambiguous",1925
"2561","Native 15","gp",21,"c","!","{The_child}",1,7534,"Native","Ambiguous",7534
"2595","Native 15","gp",13,"c","!","{The_boy}",1,1965,"Native","Ambiguous",1965
"2612","Native 15","gp",18,"d","!","{The_baby}",1,4423,"Native","Unambiguous",4423
"2615","Native 15","gp",14,"d","!","{The_nurse}",1,6913,"Native","Unambiguous",6913
"2618","Native 15","gp",5,"c","!","{The_boy}",1,3210,"Native","Ambiguous",3210
"2622","Native 15","gp",6,"d","!","{The_neighbour}",1,1863,"Native","Unambiguous",1863
"2630","Native 15","gp",10,"d","!","{The_General}",1,1798,"Native","Unambiguous",1798
"2636","Native 15","gp",17,"c","!","{The_terrorist}",1,2058,"Native","Ambiguous",2058
"2664","Native 15","gp",9,"c","!","{The_singer}",1,1669,"Native","Ambiguous",1669
"2682","Native 15","gp",2,"d","!","{The_baby}",1,1460,"Native","Unambiguous",1460
"2732","Native 16","gp",5,"d","!","{The_boy}",1,1414,"Native","Unambiguous",1414
"2742","Native 16","gp",24,"c","!","{The_director}",1,1238,"Native","Ambiguous",1238
"2764","Native 16","gp",12,"c","!","{The_baby}",1,1711,"Native","Ambiguous",1711
"2804","Native 16","gp",13,"d","!","{The_boy}",1,1511,"Native","Unambiguous",1511
"2807","Native 16","gp",17,"d","!","{The_terrorist}",1,1457,"Native","Unambiguous",1457
"2813","Native 16","gp",1,"d","!","{The_man}",1,2154,"Native","Unambiguous",2154
"2820","Native 16","gp",16,"c","!","{The_assistant}",1,2060,"Native","Ambiguous",2060
"2838","Native 16","gp",9,"d","!","{The_singer}",1,1881,"Native","Unambiguous",1881
"2841","Native 16","gp",8,"c","!","{The_boy}",1,1924,"Native","Ambiguous",1924
"2853","Native 16","gp",20,"c","!","{The_man}",1,1518,"Native","Ambiguous",1518
"2865","Native 16","gp",21,"d","!","{The_child}",1,2631,"Native","Unambiguous",2631
"2878","Native 16","gp",4,"c","!","{The_two_children}",0,2881,"Native","Ambiguous",2881
"2902","Native 17","gp",12,"d","!","{The_baby}",1,2216,"Native","Unambiguous",2216
"2926","Native 17","gp",15,"c","!","{The_boy}",1,1594,"Native","Ambiguous",1594
"2934","Native 17","gp",24,"d","!","{The_actresses}",0,2686,"Native","Unambiguous",2686
"2948","Native 17","gp",20,"d","!","{The_two_friends}",0,3497,"Native","Unambiguous",3497
"2958","Native 17","gp",8,"d","!","{The_boy}",1,2092,"Native","Unambiguous",2092
"2988","Native 17","gp",11,"c","!","{The_friend}",1,2335,"Native","Ambiguous",2335
"3006","Native 17","gp",3,"c","!","{The_president}",1,2691,"Native","Ambiguous",2691
"3023","Native 17","gp",7,"c","!","{The_lady}",1,1707,"Native","Ambiguous",1707
"3033","Native 17","gp",16,"d","!","{The_assistant}",1,1791,"Native","Unambiguous",1791
"3039","Native 17","gp",19,"c","!","{The_basketball_player}",1,2995,"Native","Ambiguous",2995
"3042","Native 17","gp",4,"d","!","{The_friend}",1,1622,"Native","Unambiguous",1622
"3055","Native 17","gp",23,"c","!","{The_child}",1,3059,"Native","Ambiguous",3059
"3083","Native 18","gp",23,"d","!","{The_child}",1,1388,"Native","Unambiguous",1388
"3087","Native 18","gp",19,"d","!","{The_basketball_player}",1,1777,"Native","Unambiguous",1777
"3098","Native 18","gp",15,"d","!","{The_boy}",1,1416,"Native","Unambiguous",1416
"3102","Native 18","gp",3,"d","!","{The_two_journalists}",0,1757,"Native","Unambiguous",1757
"3109","Native 18","gp",22,"c","!","{The_coach}",1,1298,"Native","Ambiguous",1298
"3124","Native 18","gp",14,"c","!","{The_nurse}",1,1663,"Native","Ambiguous",1663
"3136","Native 18","gp",6,"c","!","{The_neighbour}",1,1341,"Native","Ambiguous",1341
"3172","Native 18","gp",18,"c","!","{The_father}",0,2262,"Native","Ambiguous",2262
"3182","Native 18","gp",11,"d","!","{The_friend}",1,1235,"Native","Unambiguous",1235
"3204","Native 18","gp",7,"d","!","{The_lady}",1,2371,"Native","Unambiguous",2371
"3228","Native 18","gp",2,"c","!","{The_baby}",1,2468,"Native","Ambiguous",2468
"3231","Native 18","gp",10,"c","!","{The_General}",1,1207,"Native","Ambiguous",1207
"3256","Native 19","gp",14,"d","!","{The_nurse}",1,3707,"Native","Unambiguous",3707
"3278","Native 19","gp",1,"c","!","{The_man}",1,3632,"Native","Ambiguous",3632
"3285","Native 19","gp",21,"c","!","{The_child}",1,1513,"Native","Ambiguous",1513
"3302","Native 19","gp",17,"c","!","{The_terrorist}",1,3270,"Native","Ambiguous",3270
"3312","Native 19","gp",5,"c","!","{The_boy}",1,1845,"Native","Ambiguous",1845
"3323","Native 19","gp",10,"d","!","{The_General}",1,2414,"Native","Unambiguous",2414
"3331","Native 19","gp",6,"d","!","{The_neighbour}",1,1791,"Native","Unambiguous",1791
"3334","Native 19","gp",9,"c","!","{The_singer}",1,2626,"Native","Ambiguous",2626
"3382","Native 19","gp",18,"d","!","{The_baby}",1,1544,"Native","Unambiguous",1544
"3396","Native 19","gp",13,"c","!","{The_boy}",1,3460,"Native","Ambiguous",3460
"3399","Native 19","gp",2,"d","!","{The_baby}",1,1695,"Native","Unambiguous",1695
"3406","Native 19","gp",22,"d","!","{The_coach}",1,1653,"Native","Unambiguous",1653
"3435","Native 20","gp",13,"d","!","{The_boy}",1,1900,"Native","Unambiguous",1900
"3452","Native 20","gp",5,"d","!","{The_boy}",1,3538,"Native","Unambiguous",3538
"3463","Native 20","gp",8,"c","!","{Mary}",0,3291,"Native","Ambiguous",3291
"3485","Native 20","gp",4,"c","!","{The_friend}",1,3668,"Native","Ambiguous",3668
"3492","Native 20","gp",20,"c","!","{The_man}",1,971,"Native","Ambiguous",971
"3499","Native 20","gp",9,"d","!","{The_singer}",1,1675,"Native","Unambiguous",1675
"3516","Native 20","gp",12,"c","!","{The_baby}",1,2883,"Native","Ambiguous",2883
"3523","Native 20","gp",24,"c","!","{The_director}",1,1706,"Native","Ambiguous",1706
"3536","Native 20","gp",21,"d","!","{The_child}",1,3776,"Native","Unambiguous",3776
"3547","Native 20","gp",17,"d","!","{The_terrorist}",1,1085,"Native","Unambiguous",1085
"3567","Native 20","gp",16,"c","!","{The_assistant}",1,2114,"Native","Ambiguous",2114
"3589","Native 20","gp",1,"d","!","{The_man}",1,1324,"Native","Unambiguous",1324
"3632","Native 21","gp",20,"d","!","{The_man}",1,1262,"Native","Unambiguous",1262
"3641","Native 21","gp",8,"d","!","{The_boy}",1,1554,"Native","Unambiguous",1554
"3648","Native 21","gp",24,"d","!","{The_director}",1,961,"Native","Unambiguous",961
"3666","Native 21","gp",19,"c","!","{The_basketball_player}",1,1525,"Native","Ambiguous",1525
"3690","Native 21","gp",16,"d","!","{The_assistant}",1,1018,"Native","Unambiguous",1018
"3726","Native 21","gp",15,"c","!","{The_boy}",1,1252,"Native","Ambiguous",1252
"3733","Native 21","gp",4,"d","!","{The_friend}",1,958,"Native","Unambiguous",958
"3737","Native 21","gp",3,"c","!","{The_president}",1,1159,"Native","Ambiguous",1159
"3740","Native 21","gp",12,"d","!","{The_baby}",1,1264,"Native","Unambiguous",1264
"3747","Native 21","gp",23,"c","!","{The_child}",1,1147,"Native","Ambiguous",1147
"3751","Native 21","gp",11,"c","!","{The_friend}",1,1291,"Native","Ambiguous",1291
"3775","Native 21","gp",7,"c","!","{The_lady}",1,1351,"Native","Ambiguous",1351
"3802","Native 22","gp",2,"c","!","{The_baby}",1,2881,"Native","Ambiguous",2881
"3826","Native 22","gp",3,"d","!","{The_president}",1,2066,"Native","Unambiguous",2066
"3859","Native 22","gp",22,"c","!","{The_coach}",1,2729,"Native","Ambiguous",2729
"3889","Native 22","gp",14,"c","!","{The_nurse}",1,2830,"Native","Ambiguous",2830
"3893","Native 22","gp",19,"d","!","{The_basketball_player}",1,2415,"Native","Unambiguous",2415
"3899","Native 22","gp",10,"c","!","{The_General}",1,2173,"Native","Ambiguous",2173
"3902","Native 22","gp",7,"d","!","{The_man}",0,2361,"Native","Unambiguous",2361
"3905","Native 22","gp",23,"d","!","{The_child}",1,1921,"Native","Unambiguous",1921
"3909","Native 22","gp",15,"d","!","{The_boy}",1,1936,"Native","Unambiguous",1936
"3930","Native 22","gp",6,"c","!","{The_neighbour}",1,1732,"Native","Ambiguous",1732
"3934","Native 22","gp",11,"d","!","{The_friend}",1,5075,"Native","Unambiguous",5075
"3941","Native 22","gp",18,"c","!","{The_baby}",1,3326,"Native","Ambiguous",3326
"3976","Native 23","gp",13,"c","!","{The_boy}",1,1555,"Native","Ambiguous",1555
"3979","Native 23","gp",10,"d","!","{The_General}",1,1716,"Native","Unambiguous",1716
"3982","Native 23","gp",22,"d","!","{The_coach}",1,1189,"Native","Unambiguous",1189
"4005","Native 23","gp",6,"d","!","{The_neighbour}",1,1490,"Native","Unambiguous",1490
"4024","Native 23","gp",21,"c","!","{The_child}",1,2164,"Native","Ambiguous",2164
"4031","Native 23","gp",5,"c","!","{The_boy}",1,1697,"Native","Ambiguous",1697
"4038","Native 23","gp",2,"d","!","{The_baby}",1,2358,"Native","Unambiguous",2358
"4052","Native 23","gp",1,"c","!","{The_man}",1,2556,"Native","Ambiguous",2556
"4108","Native 23","gp",17,"c","!","{The_terrorist}",1,1416,"Native","Ambiguous",1416
"4121","Native 23","gp",14,"d","!","{The_nurse}",1,1298,"Native","Unambiguous",1298
"4128","Native 23","gp",18,"d","!","{The_baby}",1,1634,"Native","Unambiguous",1634
"4132","Native 23","gp",9,"c","!","{The_singer}",1,1937,"Native","Ambiguous",1937
"4186","Native 24","gp",12,"c","!","{The_nurse}",0,2529,"Native","Ambiguous",2529
"4195","Native 24","gp",17,"d","!","{The_terrorist}",1,1652,"Native","Unambiguous",1652
"4203","Native 24","gp",20,"c","!","{The_two_friends}",0,2294,"Native","Ambiguous",2294
"4216","Native 24","gp",4,"c","!","{The_two_children}",0,4028,"Native","Ambiguous",4028
"4219","Native 24","gp",1,"d","!","{The_man}",1,1519,"Native","Unambiguous",1519
"4227","Native 24","gp",16,"c","!","{The_researcher}",0,2225,"Native","Ambiguous",2225
"4253","Native 24","gp",9,"d","!","{The_pianist}",0,2151,"Native","Unambiguous",2151
"4264","Native 24","gp",5,"d","!","{The_boy}",1,1213,"Native","Unambiguous",1213
"4271","Native 24","gp",21,"d","!","{The_child}",1,1122,"Native","Unambiguous",1122
"4278","Native 24","gp",8,"c","!","{Mary}",0,1982,"Native","Ambiguous",1982
"4286","Native 24","gp",24,"c","!","{The_director}",1,3964,"Native","Ambiguous",3964
"4300","Native 24","gp",13,"d","!","{The_girl}",0,1517,"Native","Unambiguous",1517
"4339","Native 25","gp",3,"c","!","{The_two_journalists}",0,1867,"Native","Ambiguous",1867
"4361","Native 25","gp",15,"c","!","{The_boy}",1,1134,"Native","Ambiguous",1134
"4395","Native 25","gp",4,"d","!","{The_friend}",1,1475,"Native","Unambiguous",1475
"4401","Native 25","gp",19,"c","!","{The_coach}",0,1961,"Native","Ambiguous",1961
"4434","Native 25","gp",23,"c","!","{The_child}",1,1328,"Native","Ambiguous",1328
"4437","Native 25","gp",24,"d","!","{The_director}",1,1409,"Native","Unambiguous",1409
"4451","Native 25","gp",16,"d","!","{The_assistant}",1,1328,"Native","Unambiguous",1328
"4454","Native 25","gp",12,"d","!","{The_baby}",1,1920,"Native","Unambiguous",1920
"4472","Native 25","gp",7,"c","!","{The_lady}",1,1285,"Native","Ambiguous",1285
"4480","Native 25","gp",8,"d","!","{The_boy}",1,1193,"Native","Unambiguous",1193
"4487","Native 25","gp",20,"d","!","{The_man}",1,1009,"Native","Unambiguous",1009
"4495","Native 25","gp",11,"c","!","{The_friend}",1,2510,"Native","Ambiguous",2510
"4520","Native 26","gp",23,"d","!","{The_child}",1,2144,"Native","Unambiguous",2144
"4528","Native 26","gp",7,"d","!","{The_lady}",1,1634,"Native","Unambiguous",1634
"4540","Native 26","gp",14,"c","!","{The_nurse}",1,1584,"Native","Ambiguous",1584
"4547","Native 26","gp",19,"d","!","{The_basketball_player}",1,2299,"Native","Unambiguous",2299
"4580","Native 26","gp",11,"d","!","{The_friend}",1,2702,"Native","Unambiguous",2702
"4624","Native 26","gp",18,"c","!","{The_father}",0,4087,"Native","Ambiguous",4087
"4630","Native 26","gp",22,"c","!","{The_coach}",1,3603,"Native","Ambiguous",3603
"4639","Native 26","gp",2,"c","!","{The_baby}",1,1593,"Native","Ambiguous",1593
"4649","Native 26","gp",3,"d","!","{The_president}",1,1732,"Native","Unambiguous",1732
"4667","Native 26","gp",15,"d","!","{The_boy}",1,1194,"Native","Unambiguous",1194
"4675","Native 26","gp",6,"c","!","{The_neighbour}",1,2045,"Native","Ambiguous",2045
"4678","Native 26","gp",10,"c","!","{The_General}",1,1724,"Native","Ambiguous",1724
"4698","Native 27","gp",10,"d","!","{The_General}",1,1634,"Native","Unambiguous",1634
"4712","Native 27","gp",6,"d","!","{The_neighbour}",1,1756,"Native","Unambiguous",1756
"4726","Native 27","gp",21,"c","!","{The_child}",1,2131,"Native","Ambiguous",2131
"4740","Native 27","gp",13,"c","!","{The_boy}",1,1334,"Native","Ambiguous",1334
"4757","Native 27","gp",14,"d","!","{The_doctor}",0,1457,"Native","Unambiguous",1457
"4797","Native 27","gp",9,"c","!","{The_pianist}",0,2710,"Native","Ambiguous",2710
"4800","Native 27","gp",2,"d","!","{The_baby}",1,1268,"Native","Unambiguous",1268
"4823","Native 27","gp",18,"d","!","{The_baby}",1,1372,"Native","Unambiguous",1372
"4826","Native 27","gp",22,"d","!","{The_coach}",1,1402,"Native","Unambiguous",1402
"4830","Native 27","gp",5,"c","!","{The_boy}",1,1739,"Native","Ambiguous",1739
"4837","Native 27","gp",17,"c","!","{The_terrorist}",1,1133,"Native","Ambiguous",1133
"4851","Native 27","gp",1,"c","!","{The_lawyer}",0,2366,"Native","Ambiguous",2366
"4882","Native 28","gp",20,"c","!","{The_man}",1,1913,"Native","Ambiguous",1913
"4901","Native 28","gp",13,"d","!","{The_boy}",1,1799,"Native","Unambiguous",1799
"4923","Native 28","gp",24,"c","!","{The_actresses}",0,4008,"Native","Ambiguous",4008
"4929","Native 28","gp",4,"c","!","{The_friend}",1,2143,"Native","Ambiguous",2143
"4958","Native 28","gp",16,"c","!","{The_researcher}",0,3381,"Native","Ambiguous",3381
"4961","Native 28","gp",8,"c","!","{The_boy}",1,1616,"Native","Ambiguous",1616
"4974","Native 28","gp",17,"d","!","{The_terrorist}",1,1313,"Native","Unambiguous",1313
"4977","Native 28","gp",12,"c","!","{The_baby}",1,1676,"Native","Ambiguous",1676
"4984","Native 28","gp",1,"d","!","{The_man}",1,1467,"Native","Unambiguous",1467
"5008","Native 28","gp",21,"d","!","{The_child}",1,2446,"Native","Unambiguous",2446
"5016","Native 28","gp",9,"d","!","{The_singer}",1,1564,"Native","Unambiguous",1564
"5038","Native 28","gp",5,"d","!","{The_boy}",1,1393,"Native","Unambiguous",1393
"5055","Native 29","gp",7,"c","!","{The_lady}",1,1373,"Native","Ambiguous",1373
"5069","Native 29","gp",20,"d","!","{The_man}",1,1432,"Native","Unambiguous",1432
"5081","Native 29","gp",8,"d","!","{The_boy}",1,1774,"Native","Unambiguous",1774
"5092","Native 29","gp",24,"d","!","{The_director}",1,985,"Native","Unambiguous",985
"5100","Native 29","gp",16,"d","!","{The_assistant}",1,1164,"Native","Unambiguous",1164
"5106","Native 29","gp",3,"c","!","{The_president}",1,1122,"Native","Ambiguous",1122
"5132","Native 29","gp",4,"d","!","{The_friend}",1,1375,"Native","Unambiguous",1375
"5138","Native 29","gp",12,"d","!","{The_baby}",1,1238,"Native","Unambiguous",1238
"5162","Native 29","gp",19,"c","!","{The_basketball_player}",1,1375,"Native","Ambiguous",1375
"5176","Native 29","gp",23,"c","!","{The_child}",1,1015,"Native","Ambiguous",1015
"5199","Native 29","gp",11,"c","!","{The_friend}",1,1151,"Native","Ambiguous",1151
"5202","Native 29","gp",15,"c","!","{The_boy}",1,989,"Native","Ambiguous",989
"5239","Native 30","gp",3,"d","!","{The_two_journalists}",0,3599,"Native","Unambiguous",3599
"5247","Native 30","gp",15,"d","!","{The_boy}",1,1771,"Native","Unambiguous",1771
"5277","Native 30","gp",14,"c","!","{The_nurse}",1,2790,"Native","Ambiguous",2790
"5282","Native 30","gp",10,"c","!","{The_General}",1,1981,"Native","Ambiguous",1981
"5286","Native 30","gp",6,"c","!","{The_neighbour}",1,1736,"Native","Ambiguous",1736
"5296","Native 30","gp",7,"d","!","{The_lady}",1,1808,"Native","Unambiguous",1808
"5303","Native 30","gp",11,"d","!","{The_friend}",1,1644,"Native","Unambiguous",1644
"5306","Native 30","gp",23,"d","!","{The_child}",1,1576,"Native","Unambiguous",1576
"5329","Native 30","gp",2,"c","!","{The_mother}",0,3014,"Native","Ambiguous",3014
"5341","Native 30","gp",22,"c","!","{The_coach}",1,1522,"Native","Ambiguous",1522
"5366","Native 30","gp",19,"d","!","{The_basketball_player}",1,1596,"Native","Unambiguous",1596
"5369","Native 30","gp",18,"c","!","{The_baby}",1,1448,"Native","Ambiguous",1448
"5445","Native 31","gp",2,"d","!","{The_baby}",1,2093,"Native","Unambiguous",2093
"5452","Native 31","gp",14,"d","!","{The_doctor}",0,1677,"Native","Unambiguous",1677
"5497","Native 31","gp",13,"c","!","{The_girl}",0,2056,"Native","Ambiguous",2056
"5501","Native 31","gp",17,"c","!","{The_two_men}",0,3455,"Native","Ambiguous",3455
"5512","Native 31","gp",1,"c","!","{The_man}",1,1275,"Native","Ambiguous",1275
"5526","Native 31","gp",22,"d","!","{The_coach}",1,1307,"Native","Unambiguous",1307
"5536","Native 31","gp",6,"d","!","{The_neighbour}",1,1564,"Native","Unambiguous",1564
"5539","Native 31","gp",9,"c","!","{The_pianist}",0,3356,"Native","Ambiguous",3356
"5545","Native 31","gp",18,"d","!","{The_baby}",1,1310,"Native","Unambiguous",1310
"5552","Native 31","gp",21,"c","!","{Anna}",0,1246,"Native","Ambiguous",1246
"5567","Native 31","gp",5,"c","!","{The_father}",0,1667,"Native","Ambiguous",1667
"5575","Native 31","gp",10,"d","!","{The_General}",1,1103,"Native","Unambiguous",1103
"5595","Native 32","gp",24,"c","!","{The_director}",1,2097,"Native","Ambiguous",2097
"5605","Native 32","gp",5,"d","!","{The_boy}",1,1589,"Native","Unambiguous",1589
"5626","Native 32","gp",17,"d","!","{The_terrorist}",1,1572,"Native","Unambiguous",1572
"5637","Native 32","gp",20,"c","!","{The_man}",1,2235,"Native","Ambiguous",2235
"5647","Native 32","gp",8,"c","!","{The_boy}",1,1373,"Native","Ambiguous",1373
"5653","Native 32","gp",16,"c","!","{The_assistant}",1,2965,"Native","Ambiguous",2965
"5666","Native 32","gp",9,"d","!","{The_singer}",1,1935,"Native","Unambiguous",1935
"5690","Native 32","gp",21,"d","!","{The_child}",1,1494,"Native","Unambiguous",1494
"5693","Native 32","gp",13,"d","!","{The_boy}",1,1646,"Native","Unambiguous",1646
"5707","Native 32","gp",4,"c","!","{The_friend}",1,2452,"Native","Ambiguous",2452
"5715","Native 32","gp",1,"d","!","{The_man}",1,2296,"Native","Unambiguous",2296
"5736","Native 32","gp",12,"c","!","{The_baby}",1,1571,"Native","Ambiguous",1571
"5787","Native 33","gp",23,"c","!","{The_mother}",0,2170,"Native","Ambiguous",2170
"5810","Native 33","gp",20,"d","!","{The_man}",1,3309,"Native","Unambiguous",3309
"5813","Native 33","gp",4,"d","!","{The_friend}",1,2090,"Native","Unambiguous",2090
"5827","Native 33","gp",7,"c","!","{The_lady}",1,2160,"Native","Ambiguous",2160
"5839","Native 33","gp",19,"c","!","{The_basketball_player}",1,2132,"Native","Ambiguous",2132
"5855","Native 33","gp",8,"d","!","{The_boy}",1,1776,"Native","Unambiguous",1776
"5858","Native 33","gp",15,"c","!","{The_boy}",1,1821,"Native","Ambiguous",1821
"5878","Native 33","gp",3,"c","!","{The_president}",1,1778,"Native","Ambiguous",1778
"5890","Native 33","gp",24,"d","!","{The_director}",1,1755,"Native","Unambiguous",1755
"5896","Native 33","gp",11,"c","!","{The_friend}",1,1400,"Native","Ambiguous",1400
"5899","Native 33","gp",12,"d","!","{The_baby}",1,2013,"Native","Unambiguous",2013
"5927","Native 33","gp",16,"d","!","{The_assistant}",1,2049,"Native","Unambiguous",2049
"5976","Native 34","gp",3,"d","!","{The_two_journalists}",0,2218,"Native","Unambiguous",2218
"5991","Native 34","gp",15,"d","!","{The_boy}",1,2188,"Native","Unambiguous",2188
"6006","Native 34","gp",23,"d","!","{The_child}",1,1456,"Native","Unambiguous",1456
"6020","Native 34","gp",19,"d","!","{The_basketball_player}",1,1694,"Native","Unambiguous",1694
"6047","Native 34","gp",7,"d","!","{The_lady}",1,1366,"Native","Unambiguous",1366
"6061","Native 34","gp",18,"c","!","{The_baby}",1,1234,"Native","Ambiguous",1234
"6065","Native 34","gp",6,"c","!","{The_two_kids}",0,3768,"Native","Ambiguous",3768
"6084","Native 34","gp",10,"c","!","{The_General}",1,1741,"Native","Ambiguous",1741
"6098","Native 34","gp",22,"c","!","{The_coach}",1,1574,"Native","Ambiguous",1574
"6101","Native 34","gp",2,"c","!","{The_mother}",0,2585,"Native","Ambiguous",2585
"6108","Native 34","gp",11,"d","!","{The_friend}",1,1500,"Native","Unambiguous",1500
"6116","Native 34","gp",14,"c","!","{The_nurse}",1,2087,"Native","Ambiguous",2087
"6144","Native 35","gp",1,"c","!","{The_man}",1,2473,"Native","Ambiguous",2473
"6150","Native 35","gp",18,"d","!","{The_baby}",1,1653,"Native","Unambiguous",1653
"6160","Native 35","gp",2,"d","!","{The_baby}",1,1622,"Native","Unambiguous",1622
"6175","Native 35","gp",13,"c","!","{The_boy}",1,1128,"Native","Ambiguous",1128
"6179","Native 35","gp",21,"c","!","{The_child}",1,3666,"Native","Ambiguous",3666
"6196","Native 35","gp",10,"d","!","{The_General}",1,1442,"Native","Unambiguous",1442
"6202","Native 35","gp",6,"d","!","{The_neighbour}",1,986,"Native","Unambiguous",986
"6205","Native 35","gp",5,"c","!","{The_boy}",1,893,"Native","Ambiguous",893
"6215","Native 35","gp",9,"c","!","{The_singer}",1,2378,"Native","Ambiguous",2378
"6224","Native 35","gp",17,"c","!","{The_terrorist}",1,1003,"Native","Ambiguous",1003
"6251","Native 35","gp",14,"d","!","{The_nurse}",1,1121,"Native","Unambiguous",1121
"6263","Native 35","gp",22,"d","!","{The_coach}",1,1423,"Native","Unambiguous",1423
"6336","Native 36","gp",21,"d","!","{The_child}",1,1474,"Native","Unambiguous",1474
"6344","Native 36","gp",5,"d","!","{The_boy}",1,1550,"Native","Unambiguous",1550
"6366","Native 36","gp",16,"c","!","{The_assistant}",1,1631,"Native","Ambiguous",1631
"6382","Native 36","gp",1,"d","!","{The_man}",1,3033,"Native","Unambiguous",3033
"6396","Native 36","gp",20,"c","!","{The_man}",1,1259,"Native","Ambiguous",1259
"6405","Native 36","gp",4,"c","!","{The_friend}",1,2607,"Native","Ambiguous",2607
"6417","Native 36","gp",24,"c","!","{The_director}",1,1254,"Native","Ambiguous",1254
"6424","Native 36","gp",8,"c","!","{The_boy}",1,9896,"Native","Ambiguous",NA
"6431","Native 36","gp",9,"d","!","{The_singer}",1,1428,"Native","Unambiguous",1428
"6461","Native 36","gp",12,"c","!","{The_baby}",1,1647,"Native","Ambiguous",1647
"6471","Native 36","gp",17,"d","!","{The_terrorist}",1,1297,"Native","Unambiguous",1297
"6478","Native 36","gp",13,"d","!","{The_boy}",1,1562,"Native","Unambiguous",1562
"6524","Native 37","gp",12,"d","!","{The_baby}",1,1569,"Native","Unambiguous",1569
"6535","Native 37","gp",11,"c","!","{The_lady}",0,3098,"Native","Ambiguous",3098
"6544","Native 37","gp",7,"c","!","{The_man}",0,1359,"Native","Ambiguous",1359
"6566","Native 37","gp",19,"c","!","{The_basketball_player}",1,2861,"Native","Ambiguous",2861
"6569","Native 37","gp",4,"d","!","{The_friend}",1,1887,"Native","Unambiguous",1887
"6575","Native 37","gp",3,"c","!","{The_president}",1,1744,"Native","Ambiguous",1744
"6578","Native 37","gp",23,"c","!","{The_child}",1,1313,"Native","Ambiguous",1313
"6581","Native 37","gp",16,"d","!","{The_assistant}",1,1559,"Native","Unambiguous",1559
"6625","Native 37","gp",24,"d","!","{The_director}",1,1715,"Native","Unambiguous",1715
"6632","Native 37","gp",8,"d","!","{Mary}",0,2178,"Native","Unambiguous",2178
"6636","Native 37","gp",15,"c","!","{The_aunt}",0,2067,"Native","Ambiguous",2067
"6648","Native 37","gp",20,"d","!","{The_man}",1,1026,"Native","Unambiguous",1026
"6706","Native 38","gp",19,"d","!","{The_basketball_player}",1,1715,"Native","Unambiguous",1715
"6712","Native 38","gp",7,"d","!","{The_lady}",1,1129,"Native","Unambiguous",1129
"6726","Native 38","gp",3,"d","!","{The_president}",1,1807,"Native","Unambiguous",1807
"6737","Native 38","gp",6,"c","!","{The_neighbour}",1,2041,"Native","Ambiguous",2041
"6768","Native 38","gp",2,"c","!","{The_baby}",1,1772,"Native","Ambiguous",1772
"6785","Native 38","gp",11,"d","!","{The_friend}",1,1222,"Native","Unambiguous",1222
"6792","Native 38","gp",23,"d","!","{The_mother}",0,1569,"Native","Unambiguous",1569
"6805","Native 38","gp",14,"c","!","{The_nurse}",1,1534,"Native","Ambiguous",1534
"6816","Native 38","gp",15,"d","!","{The_boy}",1,1211,"Native","Unambiguous",1211
"6822","Native 38","gp",10,"c","!","{The_General}",1,1556,"Native","Ambiguous",1556
"6836","Native 38","gp",18,"c","!","{The_baby}",1,1438,"Native","Ambiguous",1438
"6839","Native 38","gp",22,"c","!","{The_coach}",1,838,"Native","Ambiguous",838
"6868","Native 39","gp",6,"d","!","{The_neighbour}",1,2377,"Native","Unambiguous",2377
"6879","Native 39","gp",1,"c","!","{The_man}",1,2899,"Native","Ambiguous",2899
"6904","Native 39","gp",14,"d","!","{The_nurse}",1,1830,"Native","Unambiguous",1830
"6907","Native 39","gp",9,"c","!","{The_pianist}",0,5220,"Native","Ambiguous",5220
"6937","Native 39","gp",22,"d","!","{The_coach}",1,1948,"Native","Unambiguous",1948
"6951","Native 39","gp",18,"d","!","{The_baby}",1,1422,"Native","Unambiguous",1422
"6964","Native 39","gp",21,"c","!","{Anna}",0,1346,"Native","Ambiguous",1346
"6971","Native 39","gp",10,"d","!","{The_General}",1,1658,"Native","Unambiguous",1658
"6978","Native 39","gp",17,"c","!","{The_terrorist}",1,1674,"Native","Ambiguous",1674
"6984","Native 39","gp",13,"c","!","{The_boy}",1,1644,"Native","Ambiguous",1644
"6988","Native 39","gp",2,"d","!","{The_baby}",1,1894,"Native","Unambiguous",1894
"7008","Native 39","gp",5,"c","!","{The_boy}",1,1542,"Native","Ambiguous",1542
"7039","Native 40","gp",8,"c","!","{The_boy}",1,1606,"Native","Ambiguous",1606
"7098","Native 40","gp",17,"d","!","{The_terrorist}",1,1580,"Native","Unambiguous",1580
"7129","Native 40","gp",4,"c","!","{The_two_children}",0,2080,"Native","Ambiguous",2080
"7139","Native 40","gp",12,"c","!","{The_baby}",1,5614,"Native","Ambiguous",5614
"7145","Native 40","gp",9,"d","!","{The_singer}",1,1620,"Native","Unambiguous",1620
"7150","Native 40","gp",20,"c","!","{The_two_friends}",0,2478,"Native","Ambiguous",2478
"7153","Native 40","gp",16,"c","!","{The_researcher}",0,3490,"Native","Ambiguous",3490
"7159","Native 40","gp",13,"d","!","{The_boy}",1,2396,"Native","Unambiguous",2396
"7170","Native 40","gp",5,"d","!","{The_boy}",1,1783,"Native","Unambiguous",1783
"7174","Native 40","gp",24,"c","!","{The_actresses}",0,3755,"Native","Ambiguous",3755
"7182","Native 40","gp",1,"d","!","{The_lawyer}",0,3494,"Native","Unambiguous",3494
"7188","Native 40","gp",21,"d","!","{The_child}",1,1501,"Native","Unambiguous",1501
"7219","Non-Native 1","gp",23,"c","!","{The_mother}",0,1998,"Non-Native","Ambiguous",1998
"7243","Non-Native 1","gp",19,"c","!","{The_coach}",0,2996,"Non-Native","Ambiguous",2996
"7251","Non-Native 1","gp",7,"c","!","{The_man}",0,1862,"Non-Native","Ambiguous",1862
"7258","Non-Native 1","gp",8,"d","!","{The_boy}",1,1872,"Non-Native","Unambiguous",1872
"7269","Non-Native 1","gp",4,"d","!","{The_friend}",1,1581,"Non-Native","Unambiguous",1581
"7299","Non-Native 1","gp",11,"c","!","{The_lady}",0,1309,"Non-Native","Ambiguous",1309
"7311","Non-Native 1","gp",20,"d","!","{The_man}",1,1766,"Non-Native","Unambiguous",1766
"7325","Non-Native 1","gp",3,"c","!","{The_two_journalists}",0,1692,"Non-Native","Ambiguous",1692
"7347","Non-Native 1","gp",12,"d","!","{The_baby}",1,2033,"Non-Native","Unambiguous",2033
"7351","Non-Native 1","gp",15,"c","!","{The_aunt}",0,1903,"Non-Native","Ambiguous",1903
"7362","Non-Native 1","gp",24,"d","!","{The_director}",1,1400,"Non-Native","Unambiguous",1400
"7369","Non-Native 1","gp",16,"d","!","{The_assistant}",1,1555,"Non-Native","Unambiguous",1555
"7395","Non-Native 2","gp",19,"d","!","{The_basketball_player}",1,3822,"Non-Native","Unambiguous",3822
"7416","Non-Native 2","gp",15,"d","!","{The_boy}",1,2388,"Non-Native","Unambiguous",2388
"7431","Non-Native 2","gp",14,"c","!","{The_nurse}",1,1588,"Non-Native","Ambiguous",1588
"7437","Non-Native 2","gp",3,"d","!","{The_president}",1,1474,"Non-Native","Unambiguous",1474
"7444","Non-Native 2","gp",6,"c","!","{The_neighbour}",1,1555,"Non-Native","Ambiguous",1555
"7465","Non-Native 2","gp",2,"c","!","{The_baby}",1,1427,"Non-Native","Ambiguous",1427
"7483","Non-Native 2","gp",22,"c","!","{The_two_footballers}",0,2661,"Non-Native","Ambiguous",2661
"7526","Non-Native 2","gp",23,"d","!","{The_child}",1,5538,"Non-Native","Unambiguous",5538
"7529","Non-Native 2","gp",7,"d","!","{The_lady}",1,1770,"Non-Native","Unambiguous",1770
"7541","Non-Native 2","gp",18,"c","!","{The_baby}",1,2617,"Non-Native","Ambiguous",2617
"7544","Non-Native 2","gp",11,"d","!","{The_friend}",1,1899,"Non-Native","Unambiguous",1899
"7551","Non-Native 2","gp",10,"c","!","{The_General}",1,1859,"Non-Native","Ambiguous",1859
"7576","Non-Native 3","gp",22,"d","!","{The_coach}",1,1339,"Non-Native","Unambiguous",1339
"7583","Non-Native 3","gp",9,"c","!","{The_singer}",1,2577,"Non-Native","Ambiguous",2577
"7608","Non-Native 3","gp",14,"d","!","{The_nurse}",1,1408,"Non-Native","Unambiguous",1408
"7621","Non-Native 3","gp",2,"d","!","{The_baby}",1,1290,"Non-Native","Unambiguous",1290
"7629","Non-Native 3","gp",10,"d","!","{The_General}",1,1469,"Non-Native","Unambiguous",1469
"7640","Non-Native 3","gp",13,"c","!","{The_boy}",1,1505,"Non-Native","Ambiguous",1505
"7650","Non-Native 3","gp",5,"c","!","{The_father}",0,1201,"Non-Native","Ambiguous",1201
"7663","Non-Native 3","gp",21,"c","!","{Anna}",0,1268,"Non-Native","Ambiguous",1268
"7692","Non-Native 3","gp",1,"c","!","{The_man}",1,1109,"Non-Native","Ambiguous",1109
"7702","Non-Native 3","gp",6,"d","!","{The_neighbour}",1,1325,"Non-Native","Unambiguous",1325
"7713","Non-Native 3","gp",18,"d","!","{The_baby}",1,1604,"Non-Native","Unambiguous",1604
"7730","Non-Native 3","gp",17,"c","!","{The_terrorist}",1,876,"Non-Native","Ambiguous",876
"7766","Non-Native 4","gp",20,"c","!","{The_man}",1,1529,"Non-Native","Ambiguous",1529
"7769","Non-Native 4","gp",5,"d","!","{The_boy}",1,1737,"Non-Native","Unambiguous",1737
"7776","Non-Native 4","gp",17,"d","!","{The_terrorist}",1,1368,"Non-Native","Unambiguous",1368
"7790","Non-Native 4","gp",13,"d","!","{The_boy}",1,1439,"Non-Native","Unambiguous",1439
"7797","Non-Native 4","gp",16,"c","!","{The_assistant}",1,2195,"Non-Native","Ambiguous",2195
"7804","Non-Native 4","gp",24,"c","!","{The_director}",1,2279,"Non-Native","Ambiguous",2279
"7815","Non-Native 4","gp",8,"c","!","{The_boy}",1,2493,"Non-Native","Ambiguous",2493
"7855","Non-Native 4","gp",12,"c","!","{The_baby}",1,1776,"Non-Native","Ambiguous",1776
"7862","Non-Native 4","gp",4,"c","!","{The_friend}",1,1657,"Non-Native","Ambiguous",1657
"7871","Non-Native 4","gp",1,"d","!","{The_man}",1,1932,"Non-Native","Unambiguous",1932
"7874","Non-Native 4","gp",21,"d","!","{The_child}",1,1496,"Non-Native","Unambiguous",1496
"7895","Non-Native 4","gp",9,"d","!","{The_singer}",1,1511,"Non-Native","Unambiguous",1511
"7938","Non-Native 5","gp",7,"c","!","{The_lady}",1,1867,"Non-Native","Ambiguous",1867
"7985","Non-Native 5","gp",8,"d","!","{The_boy}",1,1988,"Non-Native","Unambiguous",1988
"7990","Non-Native 5","gp",4,"d","!","{The_friend}",1,5327,"Non-Native","Unambiguous",5327
"7998","Non-Native 5","gp",20,"d","!","{The_man}",1,3111,"Non-Native","Unambiguous",3111
"8002","Non-Native 5","gp",19,"c","!","{The_coach}",0,6618,"Non-Native","Ambiguous",6618
"8016","Non-Native 5","gp",16,"d","!","{The_assistant}",1,1877,"Non-Native","Unambiguous",1877
"8026","Non-Native 5","gp",24,"d","!","{The_director}",1,1794,"Non-Native","Unambiguous",1794
"8034","Non-Native 5","gp",23,"c","!","{The_mother}",0,7406,"Non-Native","Ambiguous",7406
"8054","Non-Native 5","gp",12,"d","!","{The_baby}",1,1353,"Non-Native","Unambiguous",1353
"8064","Non-Native 5","gp",15,"c","!","{The_aunt}",0,1488,"Non-Native","Ambiguous",1488
"8067","Non-Native 5","gp",11,"c","!","{The_lady}",0,1257,"Non-Native","Ambiguous",1257
"8084","Non-Native 5","gp",3,"c","!","{The_two_journalists}",0,1536,"Non-Native","Ambiguous",1536
"8135","Non-Native 6","gp",6,"c","!","{The_two_kids}",0,5570,"Non-Native","Ambiguous",5570
"8159","Non-Native 6","gp",14,"c","!","{The_doctor}",0,4588,"Non-Native","Ambiguous",4588
"8175","Non-Native 6","gp",19,"d","!","{The_basketball_player}",1,3152,"Non-Native","Unambiguous",3152
"8179","Non-Native 6","gp",7,"d","!","{The_lady}",1,1644,"Non-Native","Unambiguous",1644
"8185","Non-Native 6","gp",22,"c","!","{The_coach}",1,1262,"Non-Native","Ambiguous",1262
"8206","Non-Native 6","gp",11,"d","!","{The_friend}",1,2256,"Non-Native","Unambiguous",2256
"8224","Non-Native 6","gp",18,"c","!","{The_baby}",1,1635,"Non-Native","Ambiguous",1635
"8231","Non-Native 6","gp",15,"d","!","{The_boy}",1,1660,"Non-Native","Unambiguous",1660
"8235","Non-Native 6","gp",3,"d","!","{The_president}",1,2552,"Non-Native","Unambiguous",2552
"8266","Non-Native 6","gp",10,"c","!","{The_General}",1,6749,"Non-Native","Ambiguous",6749
"8269","Non-Native 6","gp",2,"c","!","{The_mother}",0,1582,"Non-Native","Ambiguous",1582
"8275","Non-Native 6","gp",23,"d","!","{The_child}",1,2842,"Non-Native","Unambiguous",2842
"8299","Non-Native 7","gp",5,"c","!","{The_father}",0,3028,"Non-Native","Ambiguous",3028
"8313","Non-Native 7","gp",21,"c","!","{The_child}",1,2320,"Non-Native","Ambiguous",2320
"8324","Non-Native 7","gp",14,"d","!","{The_nurse}",1,2631,"Non-Native","Unambiguous",2631
"8327","Non-Native 7","gp",2,"d","!","{The_baby}",1,2413,"Non-Native","Unambiguous",2413
"8338","Non-Native 7","gp",22,"d","!","{The_coach}",1,2860,"Non-Native","Unambiguous",2860
"8346","Non-Native 7","gp",17,"c","!","{The_terrorist}",1,2472,"Non-Native","Ambiguous",2472
"8373","Non-Native 7","gp",6,"d","!","{The_neighbour}",1,4269,"Non-Native","Unambiguous",4269
"8396","Non-Native 7","gp",18,"d","!","{The_baby}",1,2661,"Non-Native","Unambiguous",2661
"8403","Non-Native 7","gp",9,"c","!","{The_singer}",1,4447,"Non-Native","Ambiguous",4447
"8421","Non-Native 7","gp",1,"c","!","{The_man}",1,2799,"Non-Native","Ambiguous",2799
"8445","Non-Native 7","gp",13,"c","!","{The_boy}",1,2837,"Non-Native","Ambiguous",2837
"8449","Non-Native 7","gp",10,"d","!","{The_General}",1,3391,"Non-Native","Unambiguous",3391
"8494","Non-Native 8","gp",20,"c","!","{The_man}",1,1975,"Non-Native","Ambiguous",1975
"8498","Non-Native 8","gp",9,"d","!","{The_singer}",1,2159,"Non-Native","Unambiguous",2159
"8506","Non-Native 8","gp",12,"c","!","{The_baby}",1,1412,"Non-Native","Ambiguous",1412
"8514","Non-Native 8","gp",21,"d","!","{The_child}",1,2219,"Non-Native","Unambiguous",2219
"8530","Non-Native 8","gp",13,"d","!","{The_boy}",1,1073,"Non-Native","Unambiguous",1073
"8533","Non-Native 8","gp",1,"d","!","{The_lawyer}",0,2622,"Non-Native","Unambiguous",2622
"8541","Non-Native 8","gp",16,"c","!","{The_assistant}",1,2047,"Non-Native","Ambiguous",2047
"8561","Non-Native 8","gp",8,"c","!","{Mary}",0,1163,"Non-Native","Ambiguous",1163
"8568","Non-Native 8","gp",4,"c","!","{The_two_children}",0,2560,"Non-Native","Ambiguous",2560
"8575","Non-Native 8","gp",24,"c","!","{The_director}",1,1034,"Non-Native","Ambiguous",1034
"8586","Non-Native 8","gp",5,"d","!","{The_boy}",1,1574,"Non-Native","Unambiguous",1574
"8614","Non-Native 8","gp",17,"d","!","{The_terrorist}",1,1790,"Non-Native","Unambiguous",1790
"8678","Non-Native 9","gp",12,"d","!","{The_baby}",1,2552,"Non-Native","Unambiguous",2552
"8706","Non-Native 9","gp",15,"c","!","{The_boy}",1,2552,"Non-Native","Ambiguous",2552
"8725","Non-Native 9","gp",8,"d","!","{The_boy}",1,1878,"Non-Native","Unambiguous",1878
"8746","Non-Native 9","gp",7,"c","!","{The_lady}",1,1804,"Non-Native","Ambiguous",1804
"8757","Non-Native 9","gp",4,"d","!","{The_friend}",1,2821,"Non-Native","Unambiguous",2821
"8763","Non-Native 9","gp",24,"d","!","{The_director}",1,2090,"Non-Native","Unambiguous",2090
"8766","Non-Native 9","gp",3,"c","!","{The_two_journalists}",0,3352,"Non-Native","Ambiguous",3352
"8776","Non-Native 9","gp",19,"c","!","{The_coach}",0,2581,"Non-Native","Ambiguous",2581
"8784","Non-Native 9","gp",11,"c","!","{The_friend}",1,4445,"Non-Native","Ambiguous",4445
"8801","Non-Native 9","gp",23,"c","!","{The_mother}",0,2851,"Non-Native","Ambiguous",2851
"8804","Non-Native 9","gp",16,"d","!","{The_assistant}",1,2658,"Non-Native","Unambiguous",2658
"8811","Non-Native 9","gp",20,"d","!","{The_man}",1,1731,"Non-Native","Unambiguous",1731
"8845","Non-Native 10","gp",18,"c","!","{The_father}",0,2234,"Non-Native","Ambiguous",2234
"8852","Non-Native 10","gp",19,"d","!","{The_coach}",0,3329,"Non-Native","Unambiguous",3329
"8859","Non-Native 10","gp",22,"c","!","{The_coach}",1,2024,"Non-Native","Ambiguous",2024
"8877","Non-Native 10","gp",11,"d","!","{The_friend}",1,2406,"Non-Native","Unambiguous",2406
"8884","Non-Native 10","gp",7,"d","!","{The_lady}",1,2643,"Non-Native","Unambiguous",2643
"8895","Non-Native 10","gp",15,"d","!","{The_boy}",1,1835,"Non-Native","Unambiguous",1835
"8917","Non-Native 10","gp",14,"c","!","{The_nurse}",1,2568,"Non-Native","Ambiguous",2568
"8921","Non-Native 10","gp",6,"c","!","{The_neighbour}",1,3039,"Non-Native","Ambiguous",3039
"8924","Non-Native 10","gp",23,"d","!","{The_child}",1,4472,"Non-Native","Unambiguous",4472
"8931","Non-Native 10","gp",10,"c","!","{The_General}",1,3179,"Non-Native","Ambiguous",3179
"8961","Non-Native 10","gp",3,"d","!","{The_president}",1,3074,"Non-Native","Unambiguous",3074
"8995","Non-Native 10","gp",2,"c","!","{The_baby}",1,3237,"Non-Native","Ambiguous",3237
"9020","Non-Native 11","gp",17,"c","!","{The_terrorist}",1,1297,"Non-Native","Ambiguous",1297
"9055","Non-Native 11","gp",2,"d","!","{The_baby}",1,1703,"Non-Native","Unambiguous",1703
"9062","Non-Native 11","gp",13,"c","!","{The_boy}",1,3035,"Non-Native","Ambiguous",3035
"9078","Non-Native 11","gp",9,"c","!","{The_singer}",1,3001,"Non-Native","Ambiguous",3001
"9096","Non-Native 11","gp",5,"c","!","{The_father}",0,1605,"Non-Native","Ambiguous",1605
"9100","Non-Native 11","gp",1,"c","!","{The_man}",1,2691,"Non-Native","Ambiguous",2691
"9103","Non-Native 11","gp",10,"d","!","{The_General}",1,1328,"Non-Native","Unambiguous",1328
"9113","Non-Native 11","gp",14,"d","!","{The_nurse}",1,2060,"Non-Native","Unambiguous",2060
"9124","Non-Native 11","gp",18,"d","!","{The_baby}",1,2528,"Non-Native","Unambiguous",2528
"9150","Non-Native 11","gp",22,"d","!","{The_coach}",1,1507,"Non-Native","Unambiguous",1507
"9163","Non-Native 11","gp",21,"c","!","{Anna}",0,1504,"Non-Native","Ambiguous",1504
"9173","Non-Native 11","gp",6,"d","!","{The_neighbour}",1,2020,"Non-Native","Unambiguous",2020
"9212","Non-Native 12","gp",1,"d","!","{The_man}",1,1832,"Non-Native","Unambiguous",1832
"9215","Non-Native 12","gp",9,"d","!","{The_singer}",1,1407,"Non-Native","Unambiguous",1407
"9223","Non-Native 12","gp",20,"c","!","{The_man}",1,3356,"Non-Native","Ambiguous",3356
"9231","Non-Native 12","gp",12,"c","!","{The_nurse}",0,1903,"Non-Native","Ambiguous",1903
"9235","Non-Native 12","gp",17,"d","!","{The_terrorist}",1,1103,"Non-Native","Unambiguous",1103
"9287","Non-Native 12","gp",8,"c","!","{The_boy}",1,1287,"Non-Native","Ambiguous",1287
"9293","Non-Native 12","gp",21,"d","!","{The_child}",1,1756,"Non-Native","Unambiguous",1756
"9296","Non-Native 12","gp",13,"d","!","{The_boy}",1,1896,"Non-Native","Unambiguous",1896
"9303","Non-Native 12","gp",16,"c","!","{The_assistant}",1,2610,"Non-Native","Ambiguous",2610
"9313","Non-Native 12","gp",24,"c","!","{The_director}",1,1731,"Non-Native","Ambiguous",1731
"9320","Non-Native 12","gp",4,"c","!","{The_friend}",1,1639,"Non-Native","Ambiguous",1639
"9335","Non-Native 12","gp",5,"d","!","{The_boy}",1,1207,"Non-Native","Unambiguous",1207
"9386","Non-Native 13","gp",24,"d","!","{The_director}",1,2006,"Non-Native","Unambiguous",2006
"9406","Non-Native 13","gp",20,"d","!","{The_man}",1,2272,"Non-Native","Unambiguous",2272
"9419","Non-Native 13","gp",15,"c","!","{The_boy}",1,1696,"Non-Native","Ambiguous",1696
"9430","Non-Native 13","gp",8,"d","!","{The_boy}",1,1778,"Non-Native","Unambiguous",1778
"9433","Non-Native 13","gp",19,"c","!","{The_basketball_player}",1,1875,"Non-Native","Ambiguous",1875
"9448","Non-Native 13","gp",12,"d","!","{The_baby}",1,2507,"Non-Native","Unambiguous",2507
"9458","Non-Native 13","gp",4,"d","!","{The_friend}",1,2636,"Non-Native","Unambiguous",2636
"9469","Non-Native 13","gp",7,"c","!","{The_man}",0,1986,"Non-Native","Ambiguous",1986
"9497","Non-Native 13","gp",3,"c","!","{The_president}",1,2188,"Non-Native","Ambiguous",2188
"9507","Non-Native 13","gp",16,"d","!","{The_assistant}",1,2186,"Non-Native","Unambiguous",2186
"9514","Non-Native 13","gp",23,"c","!","{The_mother}",0,2403,"Non-Native","Ambiguous",2403
"9524","Non-Native 13","gp",11,"c","!","{The_friend}",1,2271,"Non-Native","Ambiguous",2271
"9559","Non-Native 14","gp",18,"c","!","{The_father}",0,1919,"Non-Native","Ambiguous",1919
"9580","Non-Native 14","gp",11,"d","!","{The_friend}",1,2086,"Non-Native","Unambiguous",2086
"9587","Non-Native 14","gp",19,"d","!","{The_basketball_player}",1,2696,"Non-Native","Unambiguous",2696
"9603","Non-Native 14","gp",7,"d","!","{The_lady}",1,1768,"Non-Native","Unambiguous",1768
"9614","Non-Native 14","gp",14,"c","!","{The_nurse}",1,9377,"Non-Native","Ambiguous",NA
"9624","Non-Native 14","gp",23,"d","!","{The_child}",1,2132,"Non-Native","Unambiguous",2132
"9634","Non-Native 14","gp",22,"c","!","{The_two_footballers}",0,3532,"Non-Native","Ambiguous",3532
"9686","Non-Native 14","gp",2,"c","!","{The_baby}",1,1804,"Non-Native","Ambiguous",1804
"9692","Non-Native 14","gp",3,"d","!","{The_president}",1,2508,"Non-Native","Unambiguous",2508
"9704","Non-Native 14","gp",15,"d","!","{The_boy}",1,2215,"Non-Native","Unambiguous",2215
"9710","Non-Native 14","gp",10,"c","!","{The_General}",1,1936,"Non-Native","Ambiguous",1936
"9714","Non-Native 14","gp",6,"c","!","{The_two_kids}",0,3226,"Non-Native","Ambiguous",3226
"9744","Non-Native 15","gp",6,"d","!","{The_neighbour}",1,1792,"Non-Native","Unambiguous",1792
"9748","Non-Native 15","gp",18,"d","!","{The_baby}",1,1941,"Non-Native","Unambiguous",1941
"9794","Non-Native 15","gp",5,"c","!","{The_boy}",1,1585,"Non-Native","Ambiguous",1585
"9797","Non-Native 15","gp",2,"d","!","{The_baby}",1,1552,"Non-Native","Unambiguous",1552
"9809","Non-Native 15","gp",17,"c","!","{The_terrorist}",1,1684,"Non-Native","Ambiguous",1684
"9830","Non-Native 15","gp",21,"c","!","{The_child}",1,1181,"Non-Native","Ambiguous",1181
"9864","Non-Native 15","gp",22,"d","!","{The_coach}",1,1317,"Non-Native","Unambiguous",1317
"9870","Non-Native 15","gp",1,"c","!","{The_man}",1,1262,"Non-Native","Ambiguous",1262
"9874","Non-Native 15","gp",10,"d","!","{The_General}",1,1281,"Non-Native","Unambiguous",1281
"9881","Non-Native 15","gp",13,"c","!","{The_boy}",1,1195,"Non-Native","Ambiguous",1195
"9891","Non-Native 15","gp",9,"c","!","{The_singer}",1,1012,"Non-Native","Ambiguous",1012
"9899","Non-Native 15","gp",14,"d","!","{The_nurse}",1,2036,"Non-Native","Unambiguous",2036
"9923","Non-Native 16","gp",16,"c","!","{The_researcher}",0,3738,"Non-Native","Ambiguous",3738
"9928","Non-Native 16","gp",20,"c","!","{The_two_friends}",0,3060,"Non-Native","Ambiguous",3060
"9932","Non-Native 16","gp",13,"d","!","{The_boy}",1,2208,"Non-Native","Unambiguous",2208
"9956","Non-Native 16","gp",8,"c","!","{Mary}",0,2018,"Non-Native","Ambiguous",2018
"9959","Non-Native 16","gp",9,"d","!","{The_singer}",1,3881,"Non-Native","Unambiguous",3881
"9972","Non-Native 16","gp",24,"c","!","{The_actresses}",0,2640,"Non-Native","Ambiguous",2640
"9982","Non-Native 16","gp",21,"d","!","{The_child}",1,1606,"Non-Native","Unambiguous",1606
"9996","Non-Native 16","gp",17,"d","!","{The_terrorist}",1,1688,"Non-Native","Unambiguous",1688
"10015","Non-Native 16","gp",12,"c","!","{The_nurse}",0,1550,"Non-Native","Ambiguous",1550
"10025","Non-Native 16","gp",4,"c","!","{The_two_children}",0,2791,"Non-Native","Ambiguous",2791
"10075","Non-Native 16","gp",1,"d","!","{The_man}",1,2058,"Non-Native","Unambiguous",2058
"10078","Non-Native 16","gp",5,"d","!","{The_boy}",1,1930,"Non-Native","Unambiguous",1930
"10095","Non-Native 17","gp",23,"c","!","{The_child}",1,2185,"Non-Native","Ambiguous",2185
"10112","Non-Native 17","gp",16,"d","!","{The_assistant}",1,2462,"Non-Native","Unambiguous",2462
"10115","Non-Native 17","gp",3,"c","!","{The_president}",1,2284,"Non-Native","Ambiguous",2284
"10130","Non-Native 17","gp",7,"c","!","{The_lady}",1,1942,"Non-Native","Ambiguous",1942
"10137","Non-Native 17","gp",15,"c","!","{The_boy}",1,4610,"Non-Native","Ambiguous",4610
"10140","Non-Native 17","gp",20,"d","!","{The_man}",1,2434,"Non-Native","Unambiguous",2434
"10189","Non-Native 17","gp",4,"d","!","{The_friend}",1,2478,"Non-Native","Unambiguous",2478
"10195","Non-Native 17","gp",12,"d","!","{The_baby}",1,2720,"Non-Native","Unambiguous",2720
"10205","Non-Native 17","gp",19,"c","!","{The_basketball_player}",1,3805,"Non-Native","Ambiguous",3805
"10217","Non-Native 17","gp",8,"d","!","{The_boy}",1,8896,"Non-Native","Unambiguous",8896
"10224","Non-Native 17","gp",24,"d","!","{The_director}",1,2083,"Non-Native","Unambiguous",2083
"10228","Non-Native 17","gp",11,"c","!","{The_friend}",1,2589,"Non-Native","Ambiguous",2589
"10279","Non-Native 18","gp",10,"c","!","{The_General}",1,2212,"Non-Native","Ambiguous",2212
"10293","Non-Native 18","gp",22,"c","!","{The_coach}",1,5736,"Non-Native","Ambiguous",NA
"10306","Non-Native 18","gp",23,"d","!","{The_child}",1,1695,"Non-Native","Unambiguous",1695
"10313","Non-Native 18","gp",3,"d","!","{The_president}",1,1594,"Non-Native","Unambiguous",1594
"10317","Non-Native 18","gp",7,"d","!","{The_lady}",1,2285,"Non-Native","Unambiguous",2285
"10341","Non-Native 18","gp",18,"c","!","{The_baby}",1,2028,"Non-Native","Ambiguous",2028
"10355","Non-Native 18","gp",15,"d","!","{The_boy}",1,1355,"Non-Native","Unambiguous",1355
"10362","Non-Native 18","gp",6,"c","!","{The_neighbour}",1,2041,"Non-Native","Ambiguous",2041
"10380","Non-Native 18","gp",11,"d","!","{The_friend}",1,1417,"Non-Native","Unambiguous",1417
"10403","Non-Native 18","gp",2,"c","!","{The_baby}",1,2520,"Non-Native","Ambiguous",2520
"10407","Non-Native 18","gp",14,"c","!","{The_nurse}",1,1599,"Non-Native","Ambiguous",1599
"10418","Non-Native 18","gp",19,"d","!","{The_basketball_player}",1,1648,"Non-Native","Unambiguous",1648
"10467","Non-Native 19","gp",1,"c","!","{The_man}",1,4679,"Non-Native","Ambiguous",4679
"10482","Non-Native 19","gp",13,"c","!","{The_boy}",1,8005,"Non-Native","Ambiguous",8005
"10486","Non-Native 19","gp",18,"d","!","{The_baby}",1,4597,"Non-Native","Unambiguous",4597
"10513","Non-Native 19","gp",10,"d","!","{The_General}",1,3623,"Non-Native","Unambiguous",3623
"10519","Non-Native 19","gp",9,"c","!","{The_singer}",1,3439,"Non-Native","Ambiguous",3439
"10559","Non-Native 19","gp",6,"d","!","{The_neighbour}",1,3365,"Non-Native","Unambiguous",3365
"10572","Non-Native 19","gp",21,"c","!","{The_child}",1,3900,"Non-Native","Ambiguous",3900
"10576","Non-Native 19","gp",2,"d","!","{The_baby}",1,2412,"Non-Native","Unambiguous",2412
"10588","Non-Native 19","gp",17,"c","!","{The_terrorist}",1,3131,"Non-Native","Ambiguous",3131
"10598","Non-Native 19","gp",5,"c","!","{The_father}",0,2502,"Non-Native","Ambiguous",2502
"10601","Non-Native 19","gp",22,"d","!","{The_coach}",1,2652,"Non-Native","Unambiguous",2652
"10605","Non-Native 19","gp",14,"d","!","{The_nurse}",1,2324,"Non-Native","Unambiguous",2324
"10635","Non-Native 20","gp",16,"c","!","{The_assistant}",1,2075,"Non-Native","Ambiguous",2075
"10680","Non-Native 20","gp",17,"d","!","{The_terrorist}",1,2942,"Non-Native","Unambiguous",2942
"10687","Non-Native 20","gp",12,"c","!","{The_baby}",1,2481,"Non-Native","Ambiguous",2481
"10696","Non-Native 20","gp",1,"d","!","{The_lawyer}",0,3605,"Non-Native","Unambiguous",3605
"10710","Non-Native 20","gp",24,"c","!","{The_director}",1,2462,"Non-Native","Ambiguous",2462
"10721","Non-Native 20","gp",21,"d","!","{The_child}",1,3257,"Non-Native","Unambiguous",3257
"10739","Non-Native 20","gp",13,"d","!","{The_boy}",1,1886,"Non-Native","Unambiguous",1886
"10742","Non-Native 20","gp",8,"c","!","{The_boy}",1,1979,"Non-Native","Ambiguous",1979
"10759","Non-Native 20","gp",5,"d","!","{The_boy}",1,4553,"Non-Native","Unambiguous",4553
"10783","Non-Native 20","gp",9,"d","!","{The_pianist}",0,2343,"Non-Native","Unambiguous",2343
"10794","Non-Native 20","gp",20,"c","!","{The_two_friends}",0,1992,"Non-Native","Ambiguous",1992
"10798","Non-Native 20","gp",4,"c","!","{The_two_children}",0,1696,"Non-Native","Ambiguous",1696
"10822","Non-Native 21","gp",19,"c","!","{The_basketball_player}",1,3509,"Non-Native","Ambiguous",3509
"10832","Non-Native 21","gp",16,"d","!","{The_assistant}",1,2801,"Non-Native","Unambiguous",2801
"10854","Non-Native 21","gp",20,"d","!","{The_man}",1,1574,"Non-Native","Unambiguous",1574
"10864","Non-Native 21","gp",7,"c","!","{The_lady}",1,1404,"Non-Native","Ambiguous",1404
"10886","Non-Native 21","gp",15,"c","!","{The_boy}",1,1826,"Non-Native","Ambiguous",1826
"10898","Non-Native 21","gp",12,"d","!","{The_baby}",1,1400,"Non-Native","Unambiguous",1400
"10913","Non-Native 21","gp",8,"d","!","{The_boy}",1,1266,"Non-Native","Unambiguous",1266
"10930","Non-Native 21","gp",24,"d","!","{The_director}",1,1834,"Non-Native","Unambiguous",1834
"10937","Non-Native 21","gp",3,"c","!","{The_president}",1,1774,"Non-Native","Ambiguous",1774
"10940","Non-Native 21","gp",11,"c","!","{The_friend}",1,1679,"Non-Native","Ambiguous",1679
"10969","Non-Native 21","gp",4,"d","!","{The_friend}",1,1390,"Non-Native","Unambiguous",1390
"10978","Non-Native 21","gp",23,"c","!","{The_child}",1,2952,"Non-Native","Ambiguous",2952
"10998","Non-Native 22","gp",15,"d","!","{The_aunt}",0,2110,"Non-Native","Unambiguous",2110
"11015","Non-Native 22","gp",2,"c","!","{The_mother}",0,1575,"Non-Native","Ambiguous",1575
"11048","Non-Native 22","gp",7,"d","!","{The_lady}",1,1918,"Non-Native","Unambiguous",1918
"11058","Non-Native 22","gp",11,"d","!","{The_friend}",1,1018,"Non-Native","Unambiguous",1018
"11089","Non-Native 22","gp",3,"d","!","{The_president}",1,3000,"Non-Native","Unambiguous",3000
"11100","Non-Native 22","gp",22,"c","!","{The_two_footballers}",0,1693,"Non-Native","Ambiguous",1693
"11103","Non-Native 22","gp",18,"c","!","{The_father}",0,1485,"Non-Native","Ambiguous",1485
"11110","Non-Native 22","gp",10,"c","!","{The_General}",1,1722,"Non-Native","Ambiguous",1722
"11127","Non-Native 22","gp",23,"d","!","{The_child}",1,2266,"Non-Native","Unambiguous",2266
"11143","Non-Native 22","gp",19,"d","!","{The_basketball_player}",1,1600,"Non-Native","Unambiguous",1600
"11147","Non-Native 22","gp",6,"c","!","{The_two_kids}",0,2125,"Non-Native","Ambiguous",2125
"11151","Non-Native 22","gp",14,"c","!","{The_nurse}",1,1497,"Non-Native","Ambiguous",1497
"11180","Non-Native 23","gp",2,"d","!","{The_baby}",1,2010,"Non-Native","Unambiguous",2010
"11202","Non-Native 23","gp",5,"c","!","{The_boy}",1,4521,"Non-Native","Ambiguous",4521
"11213","Non-Native 23","gp",6,"d","!","{The_neighbour}",1,1632,"Non-Native","Unambiguous",1632
"11229","Non-Native 23","gp",22,"d","!","{The_coach}",1,1478,"Non-Native","Unambiguous",1478
"11232","Non-Native 23","gp",17,"c","!","{The_terrorist}",1,1359,"Non-Native","Ambiguous",1359
"11242","Non-Native 23","gp",14,"d","!","{The_nurse}",1,1632,"Non-Native","Unambiguous",1632
"11245","Non-Native 23","gp",13,"c","!","{The_boy}",1,1459,"Non-Native","Ambiguous",1459
"11261","Non-Native 23","gp",18,"d","!","{The_baby}",1,1367,"Non-Native","Unambiguous",1367
"11271","Non-Native 23","gp",9,"c","!","{The_singer}",1,2247,"Non-Native","Ambiguous",2247
"11307","Non-Native 23","gp",10,"d","!","{The_General}",1,1700,"Non-Native","Unambiguous",1700
"11331","Non-Native 23","gp",1,"c","!","{The_man}",1,2796,"Non-Native","Ambiguous",2796
"11339","Non-Native 23","gp",21,"c","!","{The_child}",1,1787,"Non-Native","Ambiguous",1787
"11366","Non-Native 24","gp",9,"d","!","{The_singer}",1,2451,"Non-Native","Unambiguous",2451
"11369","Non-Native 24","gp",1,"d","!","{The_man}",1,4181,"Non-Native","Unambiguous",4181
"11377","Non-Native 24","gp",24,"c","!","{The_director}",1,1442,"Non-Native","Ambiguous",1442
"11380","Non-Native 24","gp",13,"d","!","{The_boy}",1,1860,"Non-Native","Unambiguous",1860
"11399","Non-Native 24","gp",8,"c","!","{The_boy}",1,5285,"Non-Native","Ambiguous",5285
"11426","Non-Native 24","gp",21,"d","!","{Anna}",0,3079,"Non-Native","Unambiguous",3079
"11449","Non-Native 24","gp",4,"c","!","{The_friend}",1,1989,"Non-Native","Ambiguous",1989
"11453","Non-Native 24","gp",16,"c","!","{The_assistant}",1,3009,"Non-Native","Ambiguous",3009
"11477","Non-Native 24","gp",12,"c","!","{The_baby}",1,2500,"Non-Native","Ambiguous",2500
"11487","Non-Native 24","gp",17,"d","!","{The_terrorist}",1,2614,"Non-Native","Unambiguous",2614
"11504","Non-Native 24","gp",5,"d","!","{The_boy}",1,1651,"Non-Native","Unambiguous",1651
"11507","Non-Native 24","gp",20,"c","!","{The_man}",1,3171,"Non-Native","Ambiguous",3171
"11541","Non-Native 25","gp",12,"d","!","{The_baby}",1,4237,"Non-Native","Unambiguous",4237
"11555","Non-Native 25","gp",7,"c","!","{The_lady}",1,1344,"Non-Native","Ambiguous",1344
"11565","Non-Native 25","gp",24,"d","!","{The_director}",1,1666,"Non-Native","Unambiguous",1666
"11584","Non-Native 25","gp",3,"c","!","{The_president}",1,1883,"Non-Native","Ambiguous",1883
"11592","Non-Native 25","gp",23,"c","!","{The_mother}",0,2022,"Non-Native","Ambiguous",2022
"11595","Non-Native 25","gp",4,"d","!","{The_friend}",1,2008,"Non-Native","Unambiguous",2008
"11622","Non-Native 25","gp",8,"d","!","{The_boy}",1,1786,"Non-Native","Unambiguous",1786
"11639","Non-Native 25","gp",20,"d","!","{The_man}",1,2031,"Non-Native","Unambiguous",2031
"11645","Non-Native 25","gp",11,"c","!","{The_lady}",0,2793,"Non-Native","Ambiguous",2793
"11648","Non-Native 25","gp",16,"d","!","{The_researcher}",0,2541,"Non-Native","Unambiguous",2541
"11662","Non-Native 25","gp",15,"c","!","{The_boy}",1,1765,"Non-Native","Ambiguous",1765
"11677","Non-Native 25","gp",19,"c","!","{The_coach}",0,3375,"Non-Native","Ambiguous",3375
"11722","Non-Native 26","gp",14,"c","!","{The_nurse}",1,3461,"Non-Native","Ambiguous",3461
"11729","Non-Native 26","gp",2,"c","!","{The_mother}",0,1455,"Non-Native","Ambiguous",1455
"11735","Non-Native 26","gp",19,"d","!","{The_basketball_player}",1,2806,"Non-Native","Unambiguous",2806
"11749","Non-Native 26","gp",22,"c","!","{The_coach}",1,1645,"Non-Native","Ambiguous",1645
"11755","Non-Native 26","gp",23,"d","!","{The_child}",1,1580,"Non-Native","Unambiguous",1580
"11763","Non-Native 26","gp",3,"d","!","{The_president}",1,1649,"Non-Native","Unambiguous",1649
"11775","Non-Native 26","gp",18,"c","!","{The_father}",0,1775,"Non-Native","Ambiguous",1775
"11833","Non-Native 26","gp",15,"d","!","{The_aunt}",0,2063,"Non-Native","Unambiguous",2063
"11851","Non-Native 26","gp",10,"c","!","{The_General}",1,3422,"Non-Native","Ambiguous",3422
"11857","Non-Native 26","gp",11,"d","!","{The_friend}",1,2391,"Non-Native","Unambiguous",2391
"11865","Non-Native 26","gp",7,"d","!","{The_lady}",1,2007,"Non-Native","Unambiguous",2007
"11879","Non-Native 26","gp",6,"c","!","{The_neighbour}",1,1850,"Non-Native","Ambiguous",1850
"11906","Non-Native 27","gp",17,"c","!","{The_terrorist}",1,2380,"Non-Native","Ambiguous",2380
"11910","Non-Native 27","gp",14,"d","!","{The_nurse}",1,2762,"Non-Native","Unambiguous",2762
"11920","Non-Native 27","gp",2,"d","!","{The_mother}",0,2672,"Non-Native","Unambiguous",2672
"11931","Non-Native 27","gp",6,"d","!","{The_neighbour}",1,2528,"Non-Native","Unambiguous",2528
"11947","Non-Native 27","gp",9,"c","!","{The_singer}",1,2570,"Non-Native","Ambiguous",2570
"11950","Non-Native 27","gp",22,"d","!","{The_coach}",1,2450,"Non-Native","Unambiguous",2450
"11956","Non-Native 27","gp",1,"c","!","{The_man}",1,4137,"Non-Native","Ambiguous",4137
"11981","Non-Native 27","gp",5,"c","!","{The_boy}",1,3675,"Non-Native","Ambiguous",3675
"12009","Non-Native 27","gp",10,"d","!","{The_General}",1,2442,"Non-Native","Unambiguous",2442
"12035","Non-Native 27","gp",21,"c","!","{The_child}",1,3048,"Non-Native","Ambiguous",3048
"12039","Non-Native 27","gp",13,"c","!","{The_boy}",1,4911,"Non-Native","Ambiguous",4911
"12051","Non-Native 27","gp",18,"d","!","{The_baby}",1,2094,"Non-Native","Unambiguous",2094
"12075","Non-Native 28","gp",4,"c","!","{The_two_children}",0,9667,"Non-Native","Ambiguous",9667
"12087","Non-Native 28","gp",8,"c","!","{The_boy}",1,3140,"Non-Native","Ambiguous",3140
"12099","Non-Native 28","gp",5,"d","!","{The_boy}",1,1718,"Non-Native","Unambiguous",1718
"12107","Non-Native 28","gp",9,"d","!","{The_singer}",1,2028,"Non-Native","Unambiguous",2028
"12121","Non-Native 28","gp",1,"d","!","{The_man}",1,2162,"Non-Native","Unambiguous",2162
"12128","Non-Native 28","gp",20,"c","!","{The_man}",1,1923,"Non-Native","Ambiguous",1923
"12140","Non-Native 28","gp",17,"d","!","{The_terrorist}",1,1875,"Non-Native","Unambiguous",1875
"12147","Non-Native 28","gp",12,"c","!","{The_baby}",1,9099,"Non-Native","Ambiguous",9099
"12160","Non-Native 28","gp",24,"c","!","{The_director}",1,3074,"Non-Native","Ambiguous",3074
"12163","Non-Native 28","gp",16,"c","!","{The_assistant}",1,2979,"Non-Native","Ambiguous",2979
"12198","Non-Native 28","gp",21,"d","!","{Anna}",0,6773,"Non-Native","Unambiguous",6773
"12209","Non-Native 28","gp",13,"d","!","{The_boy}",1,1911,"Non-Native","Unambiguous",1911
"12256","Non-Native 29","gp",15,"c","!","{The_boy}",1,1733,"Non-Native","Ambiguous",1733
"12259","Non-Native 29","gp",24,"d","!","{The_actresses}",0,2109,"Non-Native","Unambiguous",2109
"12270","Non-Native 29","gp",3,"c","!","{The_two_journalists}",0,1339,"Non-Native","Ambiguous",1339
"12280","Non-Native 29","gp",16,"d","!","{The_assistant}",1,2563,"Non-Native","Unambiguous",2563
"12284","Non-Native 29","gp",7,"c","!","{The_lady}",1,1982,"Non-Native","Ambiguous",1982
"12340","Non-Native 29","gp",4,"d","!","{The_friend}",1,1948,"Non-Native","Unambiguous",1948
"12349","Non-Native 29","gp",23,"c","!","{The_mother}",0,5783,"Non-Native","Ambiguous",5783
"12360","Non-Native 29","gp",19,"c","!","{The_basketball_player}",1,2377,"Non-Native","Ambiguous",2377
"12377","Non-Native 29","gp",11,"c","!","{The_friend}",1,3673,"Non-Native","Ambiguous",3673
"12389","Non-Native 29","gp",12,"d","!","{The_baby}",1,1748,"Non-Native","Unambiguous",1748
"12393","Non-Native 29","gp",20,"d","!","{The_man}",1,1862,"Non-Native","Unambiguous",1862
"12399","Non-Native 29","gp",8,"d","!","{The_boy}",1,2040,"Non-Native","Unambiguous",2040
"12457","Non-Native 30","gp",6,"c","!","{The_neighbour}",1,2960,"Non-Native","Ambiguous",2960
"12463","Non-Native 30","gp",11,"d","!","{The_friend}",1,2181,"Non-Native","Unambiguous",2181
"12481","Non-Native 30","gp",3,"d","!","{The_president}",1,2924,"Non-Native","Unambiguous",2924
"12494","Non-Native 30","gp",15,"d","!","{The_boy}",1,4282,"Non-Native","Unambiguous",4282
"12524","Non-Native 30","gp",10,"c","!","{The_two_soldiers}",0,6938,"Non-Native","Ambiguous",6938
"12548","Non-Native 30","gp",19,"d","!","{The_basketball_player}",1,3359,"Non-Native","Unambiguous",3359
"12555","Non-Native 30","gp",22,"c","!","{The_two_footballers}",0,3225,"Non-Native","Ambiguous",3225
"12559","Non-Native 30","gp",18,"c","!","{The_father}",0,3287,"Non-Native","Ambiguous",3287
"12566","Non-Native 30","gp",2,"c","!","{The_mother}",0,2848,"Non-Native","Ambiguous",2848
"12578","Non-Native 30","gp",23,"d","!","{The_child}",1,2206,"Non-Native","Unambiguous",2206
"12589","Non-Native 30","gp",7,"d","!","{The_lady}",1,3274,"Non-Native","Unambiguous",3274
"12592","Non-Native 30","gp",14,"c","!","{The_nurse}",1,2603,"Non-Native","Ambiguous",2603
"12619","Non-Native 31","gp",17,"c","!","{The_terrorist}",1,2608,"Non-Native","Ambiguous",2608
"12655","Non-Native 31","gp",10,"d","!","{The_two_soldiers}",0,3122,"Non-Native","Unambiguous",3122
"12658","Non-Native 31","gp",22,"d","!","{The_coach}",1,1785,"Non-Native","Unambiguous",1785
"12673","Non-Native 31","gp",13,"c","!","{The_girl}",0,3320,"Non-Native","Ambiguous",3320
"12715","Non-Native 31","gp",6,"d","!","{The_neighbour}",1,2595,"Non-Native","Unambiguous",2595
"12735","Non-Native 31","gp",18,"d","!","{The_baby}",1,6588,"Non-Native","Unambiguous",6588
"12738","Non-Native 31","gp",9,"c","!","{The_pianist}",0,1916,"Non-Native","Ambiguous",1916
"12748","Non-Native 31","gp",2,"d","!","{The_baby}",1,2040,"Non-Native","Unambiguous",2040
"12751","Non-Native 31","gp",14,"d","!","{The_nurse}",1,2285,"Non-Native","Unambiguous",2285
"12764","Non-Native 31","gp",5,"c","!","{The_boy}",1,3780,"Non-Native","Ambiguous",3780
"12772","Non-Native 31","gp",21,"c","!","{Anna}",0,2180,"Non-Native","Ambiguous",2180
"12776","Non-Native 31","gp",1,"c","!","{The_lawyer}",0,2042,"Non-Native","Ambiguous",2042
"12805","Non-Native 32","gp",20,"c","!","{The_man}",1,1854,"Non-Native","Ambiguous",1854
"12812","Non-Native 32","gp",17,"d","!","{The_terrorist}",1,1456,"Non-Native","Unambiguous",1456
"12815","Non-Native 32","gp",1,"d","!","{The_man}",1,3443,"Non-Native","Unambiguous",3443
"12835","Non-Native 32","gp",5,"d","!","{The_boy}",1,2548,"Non-Native","Unambiguous",2548
"12847","Non-Native 32","gp",9,"d","!","{The_singer}",1,3645,"Non-Native","Unambiguous",3645
"12856","Non-Native 32","gp",21,"d","!","{The_child}",1,1846,"Non-Native","Unambiguous",1846
"12889","Non-Native 32","gp",24,"c","!","{The_director}",1,1989,"Non-Native","Ambiguous",1989
"12906","Non-Native 32","gp",8,"c","!","{Mary}",0,3162,"Non-Native","Ambiguous",3162
"12919","Non-Native 32","gp",4,"c","!","{The_friend}",1,4056,"Non-Native","Ambiguous",4056
"12925","Non-Native 32","gp",12,"c","!","{The_baby}",1,2042,"Non-Native","Ambiguous",2042
"12944","Non-Native 32","gp",13,"d","!","{The_boy}",1,1838,"Non-Native","Unambiguous",1838
"12951","Non-Native 32","gp",16,"c","!","{The_assistant}",1,3333,"Non-Native","Ambiguous",3333
"13011","Non-Native 33","gp",8,"d","!","{The_boy}",1,1714,"Non-Native","Unambiguous",1714
"13014","Non-Native 33","gp",19,"c","!","{The_coach}",0,3189,"Non-Native","Ambiguous",3189
"13025","Non-Native 33","gp",24,"d","!","{The_director}",1,2172,"Non-Native","Unambiguous",2172
"13050","Non-Native 33","gp",20,"d","!","{The_man}",1,1991,"Non-Native","Unambiguous",1991
"13053","Non-Native 33","gp",3,"c","!","{The_two_journalists}",0,1600,"Non-Native","Ambiguous",1600
"13057","Non-Native 33","gp",23,"c","!","{The_mother}",0,1978,"Non-Native","Ambiguous",1978
"13069","Non-Native 33","gp",15,"c","!","{The_aunt}",0,1393,"Non-Native","Ambiguous",1393
"13095","Non-Native 33","gp",16,"d","!","{The_assistant}",1,6761,"Non-Native","Unambiguous",NA
"13106","Non-Native 33","gp",11,"c","!","{The_friend}",1,1683,"Non-Native","Ambiguous",1683
"13113","Non-Native 33","gp",7,"c","!","{The_man}",0,1977,"Non-Native","Ambiguous",1977
"13129","Non-Native 33","gp",4,"d","!","{The_friend}",1,2329,"Non-Native","Unambiguous",2329
"13135","Non-Native 33","gp",12,"d","!","{The_baby}",1,1666,"Non-Native","Unambiguous",1666
"13156","Non-Native 34","gp",6,"c","!","{The_two_kids}",0,2846,"Non-Native","Ambiguous",2846
"13166","Non-Native 34","gp",11,"d","!","{The_friend}",1,1741,"Non-Native","Unambiguous",1741
"13173","Non-Native 34","gp",10,"c","!","{The_two_soldiers}",0,2001,"Non-Native","Ambiguous",2001
"13213","Non-Native 34","gp",7,"d","!","{The_lady}",1,1944,"Non-Native","Unambiguous",1944
"13230","Non-Native 34","gp",23,"d","!","{The_child}",1,1453,"Non-Native","Unambiguous",1453
"13236","Non-Native 34","gp",2,"c","!","{The_baby}",1,3318,"Non-Native","Ambiguous",3318
"13240","Non-Native 34","gp",14,"c","!","{The_doctor}",0,2520,"Non-Native","Ambiguous",2520
"13254","Non-Native 34","gp",15,"d","!","{The_boy}",1,1371,"Non-Native","Unambiguous",1371
"13278","Non-Native 34","gp",22,"c","!","{The_coach}",1,3116,"Non-Native","Ambiguous",3116
"13293","Non-Native 34","gp",3,"d","!","{The_president}",1,1848,"Non-Native","Unambiguous",1848
"13304","Non-Native 34","gp",19,"d","!","{The_basketball_player}",1,2112,"Non-Native","Unambiguous",2112
"13312","Non-Native 34","gp",18,"c","!","{The_father}",0,1452,"Non-Native","Ambiguous",1452
"13344","Non-Native 35","gp",17,"c","!","{The_two_men}",0,3710,"Non-Native","Ambiguous",3710
"13352","Non-Native 35","gp",2,"d","!","{The_baby}",1,2260,"Non-Native","Unambiguous",2260
"13355","Non-Native 35","gp",14,"d","!","{The_nurse}",1,2529,"Non-Native","Unambiguous",2529
"13375","Non-Native 35","gp",18,"d","!","{The_baby}",1,1853,"Non-Native","Unambiguous",1853
"13395","Non-Native 35","gp",9,"c","!","{The_pianist}",0,3503,"Non-Native","Ambiguous",3503
"13417","Non-Native 35","gp",6,"d","!","{The_neighbour}",1,2283,"Non-Native","Unambiguous",2283
"13446","Non-Native 35","gp",10,"d","!","{The_General}",1,2179,"Non-Native","Unambiguous",2179
"13450","Non-Native 35","gp",22,"d","!","{The_coach}",1,2349,"Non-Native","Unambiguous",2349
"13457","Non-Native 35","gp",13,"c","!","{The_girl}",0,3403,"Non-Native","Ambiguous",3403
"13464","Non-Native 35","gp",1,"c","!","{The_lawyer}",0,1454,"Non-Native","Ambiguous",1454
"13474","Non-Native 35","gp",21,"c","!","{Anna}",0,3161,"Non-Native","Ambiguous",3161
"13484","Non-Native 35","gp",5,"c","!","{The_father}",0,6051,"Non-Native","Ambiguous",6051
"13519","Non-Native 36","gp",24,"c","!","{The_director}",1,11906,"Non-Native","Ambiguous",11906
"13535","Non-Native 36","gp",1,"d","!","{The_man}",1,2649,"Non-Native","Unambiguous",2649
"13551","Non-Native 36","gp",13,"d","!","{The_boy}",1,4223,"Non-Native","Unambiguous",4223
"13581","Non-Native 36","gp",8,"c","!","{Mary}",0,2751,"Non-Native","Ambiguous",2751
"13606","Non-Native 36","gp",5,"d","!","{The_boy}",1,2055,"Non-Native","Unambiguous",2055
"13617","Non-Native 36","gp",9,"d","!","{The_singer}",1,2379,"Non-Native","Unambiguous",2379
"13627","Non-Native 36","gp",4,"c","!","{The_two_children}",0,4092,"Non-Native","Ambiguous",4092
"13633","Non-Native 36","gp",20,"c","!","{The_two_friends}",0,4004,"Non-Native","Ambiguous",4004
"13636","Non-Native 36","gp",16,"c","!","{The_assistant}",1,17801,"Non-Native","Ambiguous",17801
"13642","Non-Native 36","gp",17,"d","!","{The_terrorist}",1,2501,"Non-Native","Unambiguous",2501
"13653","Non-Native 36","gp",12,"c","!","{The_nurse}",0,2736,"Non-Native","Ambiguous",2736
"13657","Non-Native 36","gp",21,"d","!","{The_child}",1,2645,"Non-Native","Unambiguous",2645
"13701","Non-Native 37","gp",3,"c","!","{The_two_journalists}",0,18889,"Non-Native","Ambiguous",18889
"13704","Non-Native 37","gp",19,"c","!","{The_basketball_player}",1,2263,"Non-Native","Ambiguous",2263
"13725","Non-Native 37","gp",23,"c","!","{The_child}",1,10497,"Non-Native","Ambiguous",10497
"13729","Non-Native 37","gp",7,"c","!","{The_lady}",1,1848,"Non-Native","Ambiguous",1848
"13746","Non-Native 37","gp",15,"c","!","{The_aunt}",0,2247,"Non-Native","Ambiguous",2247
"13759","Non-Native 37","gp",24,"d","!","{The_director}",1,1550,"Non-Native","Unambiguous",1550
"13766","Non-Native 37","gp",16,"d","!","{The_assistant}",1,1806,"Non-Native","Unambiguous",1806
"13781","Non-Native 37","gp",8,"d","!","{The_boy}",1,1879,"Non-Native","Unambiguous",1879
"13784","Non-Native 37","gp",4,"d","!","{The_friend}",1,2753,"Non-Native","Unambiguous",2753
"13795","Non-Native 37","gp",20,"d","!","{The_man}",1,1781,"Non-Native","Unambiguous",1781
"13823","Non-Native 37","gp",11,"c","!","{The_lady}",0,1466,"Non-Native","Ambiguous",1466
"13833","Non-Native 37","gp",12,"d","!","{The_baby}",1,1668,"Non-Native","Unambiguous",1668
"13878","Non-Native 38","gp",14,"c","!","{The_doctor}",0,4327,"Non-Native","Ambiguous",4327
"13886","Non-Native 38","gp",23,"d","!","{The_child}",1,1977,"Non-Native","Unambiguous",1977
"13898","Non-Native 38","gp",2,"c","!","{The_mother}",0,1390,"Non-Native","Ambiguous",1390
"13902","Non-Native 38","gp",6,"c","!","{The_two_kids}",0,4781,"Non-Native","Ambiguous",4781
"13942","Non-Native 38","gp",11,"d","!","{The_friend}",1,2030,"Non-Native","Unambiguous",2030
"13964","Non-Native 38","gp",10,"c","!","{The_two_soldiers}",0,1565,"Non-Native","Ambiguous",1565
"13967","Non-Native 38","gp",7,"d","!","{The_lady}",1,3924,"Non-Native","Unambiguous",3924
"13980","Non-Native 38","gp",22,"c","!","{The_two_footballers}",0,1663,"Non-Native","Ambiguous",1663
"13984","Non-Native 38","gp",18,"c","!","{The_father}",0,1110,"Non-Native","Ambiguous",1110
"14008","Non-Native 38","gp",15,"d","!","{The_boy}",1,2315,"Non-Native","Unambiguous",2315
"14012","Non-Native 38","gp",19,"d","!","{The_basketball_player}",1,2750,"Non-Native","Unambiguous",2750
"14039","Non-Native 38","gp",3,"d","!","{The_president}",1,1629,"Non-Native","Unambiguous",1629
"14059","Non-Native 39","gp",6,"d","!","{The_neighbour}",1,2706,"Non-Native","Unambiguous",2706
"14065","Non-Native 39","gp",21,"c","!","{The_child}",1,4637,"Non-Native","Ambiguous",4637
"14074","Non-Native 39","gp",18,"d","!","{The_baby}",1,6295,"Non-Native","Unambiguous",6295
"14093","Non-Native 39","gp",2,"d","!","{The_baby}",1,1616,"Non-Native","Unambiguous",1616
"14100","Non-Native 39","gp",10,"d","!","{The_General}",1,2406,"Non-Native","Unambiguous",2406
"14129","Non-Native 39","gp",9,"c","!","{The_singer}",1,2701,"Non-Native","Ambiguous",2701
"14146","Non-Native 39","gp",5,"c","!","{The_father}",0,1590,"Non-Native","Ambiguous",1590
"14167","Non-Native 39","gp",17,"c","!","{The_terrorist}",1,2421,"Non-Native","Ambiguous",2421
"14196","Non-Native 39","gp",1,"c","!","{The_man}",1,4198,"Non-Native","Ambiguous",4198
"14200","Non-Native 39","gp",14,"d","!","{The_nurse}",1,1925,"Non-Native","Unambiguous",1925
"14204","Non-Native 39","gp",13,"c","!","{The_boy}",1,2469,"Non-Native","Ambiguous",2469
"14219","Non-Native 39","gp",22,"d","!","{The_coach}",1,3983,"Non-Native","Unambiguous",3983
"14257","Non-Native 40","gp",16,"c","!","{The_assistant}",1,3086,"Non-Native","Ambiguous",3086
"14268","Non-Native 40","gp",4,"c","!","{The_two_children}",0,6265,"Non-Native","Ambiguous",6265
"14274","Non-Native 40","gp",24,"c","!","{The_actresses}",0,4137,"Non-Native","Ambiguous",4137
"14298","Non-Native 40","gp",1,"d","!","{The_man}",1,1977,"Non-Native","Unambiguous",1977
"14301","Non-Native 40","gp",13,"d","!","{The_boy}",1,2312,"Non-Native","Unambiguous",2312
"14308","Non-Native 40","gp",5,"d","!","{The_boy}",1,3723,"Non-Native","Unambiguous",3723
"14312","Non-Native 40","gp",12,"c","!","{The_nurse}",0,4172,"Non-Native","Ambiguous",4172
"14330","Non-Native 40","gp",20,"c","!","{The_two_friends}",0,3597,"Non-Native","Ambiguous",3597
"14334","Non-Native 40","gp",21,"d","!","{The_child}",1,2385,"Non-Native","Unambiguous",2385
"14349","Non-Native 40","gp",9,"d","!","{The_singer}",1,3695,"Non-Native","Unambiguous",3695
"14364","Non-Native 40","gp",17,"d","!","{The_terrorist}",1,2365,"Non-Native","Unambiguous",2365
"14395","Non-Native 40","gp",8,"c","!","{Mary}",0,3243,"Non-Native","Ambiguous",3243
